2026-05-30 14:52:22,360 (INFO) - django.utils.autoreload Watching for file changes with StatReloader
2026-05-30 14:53:25,497 (INFO) - django.utils.autoreload Watching for file changes with StatReloader
2026-05-30 14:54:47,992 (INFO) - django.utils.autoreload /home/wmisaac/Desktop/realb/core/settings/development.py changed, reloading.
2026-05-30 14:54:49,822 (INFO) - django.utils.autoreload Watching for file changes with StatReloader
2026-05-30 14:55:14,439 (INFO) - django.server "HEAD /admin/login/ HTTP/1.1" 200 0
2026-05-30 14:55:14,444 (INFO) - django.server "HEAD / HTTP/1.1" 200 0
2026-05-30 14:56:28,399 (INFO) - django.utils.autoreload Watching for file changes with StatReloader
2026-05-30 14:56:33,114 (INFO) - django.server "GET / HTTP/1.1" 200 12352
2026-05-30 14:56:33,304 (WARNING) - django.server "GET /media/logo/download_J1M9Yai.png HTTP/1.1" 404 44500
2026-05-30 14:56:34,081 (WARNING) - django.server "GET /favicon.ico HTTP/1.1" 404 44231
2026-05-30 14:56:50,836 (INFO) - django.server "POST / HTTP/1.1" 302 0
2026-05-30 14:56:52,142 (INFO) - django.server "GET /index/ HTTP/1.1" 200 84212
2026-05-30 14:56:52,307 (INFO) - django.server "GET /static/css/custom_overrides.css HTTP/1.1" 200 6056
2026-05-30 14:56:52,355 (INFO) - django.server "GET /static/vendors/bootstrap/dist/css/bootstrap.min.css HTTP/1.1" 200 155758
2026-05-30 14:56:52,364 (INFO) - django.server "GET /static/vendors/nprogress/nprogress.css HTTP/1.1" 200 1458
2026-05-30 14:56:52,370 (INFO) - django.server "GET /static/vendors/bootstrap-progressbar/css/bootstrap-progressbar-3.3.4.min.css HTTP/1.1" 200 5014
2026-05-30 14:56:52,371 (INFO) - django.server "GET /static/vendors/iCheck/skins/flat/green.css HTTP/1.1" 200 1317
2026-05-30 14:56:52,373 (INFO) - django.server "GET /static/vendors/font-awesome/css/font-awesome.min.css HTTP/1.1" 200 29063
2026-05-30 14:56:52,373 (INFO) - django.server "GET /static/css/ux_improvements.css HTTP/1.1" 200 3499
2026-05-30 14:56:52,395 (INFO) - django.server "GET /static/vendors/datatables.net-bs/css/dataTables.bootstrap.min.css HTTP/1.1" 200 4216
2026-05-30 14:56:52,396 (INFO) - django.server "GET /static/vendors/bootstrap-daterangepicker/daterangepicker.css HTTP/1.1" 200 8402
2026-05-30 14:56:52,400 (INFO) - django.server "GET /static/vendors/datatables.net-buttons-bs/css/buttons.bootstrap.min.css HTTP/1.1" 200 1735
2026-05-30 14:56:52,398 (INFO) - django.server "GET /static/vendors/datatables.net-fixedheader-bs/css/fixedHeader.bootstrap.min.css HTTP/1.1" 200 328
2026-05-30 14:56:52,397 (INFO) - django.server "GET /static/vendors/jqvmap/dist/jqvmap.min.css HTTP/1.1" 200 621
2026-05-30 14:56:52,417 (INFO) - django.server "GET /static/vendors/datatables.net-responsive-bs/css/responsive.bootstrap.min.css HTTP/1.1" 200 3921
2026-05-30 14:56:52,605 (INFO) - django.server "GET /static/build/css/custom.min.css HTTP/1.1" 200 80510
2026-05-30 14:56:52,611 (INFO) - django.server "GET /static/css/dashboard.css HTTP/1.1" 200 10935
2026-05-30 14:56:52,612 (INFO) - django.server "GET /static/js/dashboard.js HTTP/1.1" 200 14346
2026-05-30 14:56:52,613 (INFO) - django.server "GET /static/vendors/jquery/dist/jquery.min.js HTTP/1.1" 200 85578
2026-05-30 14:56:52,606 (INFO) - django.server "GET /static/vendors/datatables.net-scroller-bs/css/scroller.bootstrap.min.css HTTP/1.1" 200 414
2026-05-30 14:56:52,652 (INFO) - django.server "GET /static/vendors/bootstrap/dist/js/bootstrap.bundle.min.js HTTP/1.1" 200 78635
2026-05-30 14:56:52,653 (INFO) - django.server "GET /static/vendors/fastclick/lib/fastclick.js HTTP/1.1" 200 25965
2026-05-30 14:56:52,664 (INFO) - django.server "GET /static/vendors/Chart.js/dist/Chart.min.js HTTP/1.1" 200 147169
2026-05-30 14:56:52,693 (INFO) - django.server "GET /static/vendors/nprogress/nprogress.js HTTP/1.1" 200 11565
2026-05-30 14:56:52,695 (INFO) - django.server "GET /static/vendors/iCheck/icheck.min.js HTTP/1.1" 200 4931
2026-05-30 14:56:52,703 (INFO) - django.server "GET /static/vendors/gauge.js/dist/gauge.min.js HTTP/1.1" 200 17848
2026-05-30 14:56:52,703 (INFO) - django.server "GET /static/vendors/bootstrap-progressbar/bootstrap-progressbar.min.js HTTP/1.1" 200 2333
2026-05-30 14:56:52,696 (INFO) - django.server "GET /media/Staff/Profile_pics/download_3.jpeg HTTP/1.1" 200 4943
2026-05-30 14:56:52,710 (INFO) - django.server "GET /static/vendors/skycons/skycons.js HTTP/1.1" 200 19025
2026-05-30 14:56:52,732 (INFO) - django.server "GET /static/vendors/Flot/jquery.flot.js HTTP/1.1" 200 122971
2026-05-30 14:56:52,785 (INFO) - django.server "GET /static/vendors/Flot/jquery.flot.pie.js HTTP/1.1" 200 23809
2026-05-30 14:56:52,799 (INFO) - django.server "GET /static/vendors/Flot/jquery.flot.stack.js HTTP/1.1" 200 7090
2026-05-30 14:56:52,799 (INFO) - django.server "GET /static/vendors/Flot/jquery.flot.resize.js HTTP/1.1" 200 3314
2026-05-30 14:56:52,803 (INFO) - django.server "GET /static/vendors/Flot/jquery.flot.time.js HTTP/1.1" 200 11768
2026-05-30 14:56:52,805 (INFO) - django.server "GET /static/vendors/flot.orderbars/js/jquery.flot.orderBars.js HTTP/1.1" 200 6919
2026-05-30 14:56:52,806 (INFO) - django.server "GET /static/vendors/flot-spline/js/jquery.flot.spline.min.js HTTP/1.1" 200 1756
2026-05-30 14:56:52,835 (INFO) - django.server "GET /static/vendors/flot.curvedlines/curvedLines.js HTTP/1.1" 200 16821
2026-05-30 14:56:52,836 (INFO) - django.server "GET /static/vendors/jqvmap/dist/jquery.vmap.js HTTP/1.1" 200 34068
2026-05-30 14:56:52,840 (INFO) - django.server "GET /static/vendors/DateJS/build/date.js HTTP/1.1" 200 128954
2026-05-30 14:56:52,842 (INFO) - django.server "GET /static/vendors/jqvmap/dist/maps/jquery.vmap.world.js HTTP/1.1" 200 60599
2026-05-30 14:56:52,848 (INFO) - django.server "GET /static/vendors/jqvmap/examples/js/jquery.vmap.sampledata.js HTTP/1.1" 200 2386
2026-05-30 14:56:52,851 (INFO) - django.server "GET /static/vendors/moment/min/moment.min.js HTTP/1.1" 200 46645
2026-05-30 14:56:52,862 (INFO) - django.server "GET /static/vendors/bootstrap-daterangepicker/daterangepicker.js HTTP/1.1" 200 63906
2026-05-30 14:56:52,944 (INFO) - django.server "GET /static/vendors/datatables.net-bs/js/dataTables.bootstrap.min.js HTTP/1.1" 200 1964
2026-05-30 14:56:52,954 (INFO) - django.server "GET /static/vendors/font-awesome/fonts/fontawesome-webfont.woff2?v=4.6.3 HTTP/1.1" 200 71896
2026-05-30 14:56:52,954 (INFO) - django.server "GET /static/vendors/datatables.net-buttons-bs/js/buttons.bootstrap.min.js HTTP/1.1" 200 939
2026-05-30 14:56:52,956 (INFO) - django.server "GET /static/vendors/datatables.net-buttons/js/dataTables.buttons.min.js HTTP/1.1" 200 16027
2026-05-30 14:56:52,958 (INFO) - django.server "GET /static/build/js/custom.min.js HTTP/1.1" 200 71554
2026-05-30 14:56:52,967 (INFO) - django.server "GET /static/vendors/datatables.net/js/jquery.dataTables.min.js HTTP/1.1" 200 82638
2026-05-30 14:56:52,990 (INFO) - django.server "GET /static/vendors/datatables.net-buttons/js/buttons.print.min.js HTTP/1.1" 200 1787
2026-05-30 14:56:52,992 (INFO) - django.server "GET /static/vendors/datatables.net-buttons/js/buttons.html5.min.js HTTP/1.1" 200 21375
2026-05-30 14:56:53,009 (INFO) - django.server "GET /static/vendors/datatables.net-buttons/js/buttons.flash.min.js HTTP/1.1" 200 22883
2026-05-30 14:56:53,011 (INFO) - django.server "GET /static/vendors/datatables.net-keytable/js/dataTables.keyTable.min.js HTTP/1.1" 200 7094
2026-05-30 14:56:53,026 (INFO) - django.server "GET /static/vendors/datatables.net-responsive/js/dataTables.responsive.min.js HTTP/1.1" 200 11056
2026-05-30 14:56:53,030 (INFO) - django.server "GET /static/vendors/datatables.net-fixedheader/js/dataTables.fixedHeader.min.js HTTP/1.1" 200 6652
2026-05-30 14:56:53,077 (INFO) - django.server "GET /static/vendors/jszip/dist/jszip.min.js HTTP/1.1" 200 80025
2026-05-30 14:56:53,114 (INFO) - django.server "GET /static/vendors/datatables.net-scroller/js/dataTables.scroller.min.js HTTP/1.1" 200 11373
2026-05-30 14:56:53,120 (INFO) - django.server "GET /static/vendors/datatables.net-responsive-bs/js/responsive.bootstrap.js HTTP/1.1" 200 1892
2026-05-30 14:56:53,151 (INFO) - django.server "GET /static/vendors/pdfmake/build/vfs_fonts.js HTTP/1.1" 200 567638
2026-05-30 14:56:53,159 (INFO) - django.server "GET /static/vendors/pdfmake/build/pdfmake.min.js HTTP/1.1" 200 426274
2026-05-30 14:56:54,886 (WARNING) - django.server "GET /media/logo/download_J1M9Yai.png HTTP/1.1" 404 44500
2026-05-30 14:57:02,383 (INFO) - django.server "GET /operations/ HTTP/1.1" 200 64459
2026-05-30 14:57:20,908 (INFO) - django.server "GET /dashboard/overview/ HTTP/1.1" 200 71421
2026-05-30 14:57:28,731 (INFO) - django.server "GET /dashboard/overview/?term=4 HTTP/1.1" 200 71652
2026-05-30 14:57:35,276 (INFO) - django.server "GET /index/ HTTP/1.1" 200 84212
2026-05-30 14:57:42,571 (INFO) - django.server "GET /operations/ HTTP/1.1" 200 64459
2026-05-30 14:57:45,293 (INFO) - django.server "GET /setup-checklist/ HTTP/1.1" 200 68164
2026-05-30 14:57:59,316 (INFO) - django.server "GET /settings/ HTTP/1.1" 200 129879
2026-05-30 14:57:59,437 (INFO) - django.server "GET /media/signatures/HM_SIGNATURE.png HTTP/1.1" 200 98718
2026-05-30 14:58:00,627 (INFO) - django.server "GET /settings/ HTTP/1.1" 200 129879
2026-05-30 14:58:22,073 (INFO) - django.server "GET /finance/dashboard/ HTTP/1.1" 200 86093
2026-05-30 14:58:40,284 (INFO) - django.server "GET /fees-status/ HTTP/1.1" 200 837139
2026-05-30 14:59:13,908 (INFO) - django.server "GET /fees-ledger/?export=excel HTTP/1.1" 200 145648
2026-05-30 14:59:59,066 (INFO) - django.server "GET /fees-ledger/ HTTP/1.1" 200 4603297
2026-05-30 15:01:04,114 (INFO) - django.server "GET /fees-ledger/?student=&year=&term=&classroom_code=&date_from=&date_to=&balance_mode=student&export=excel HTTP/1.1" 200 145648
2026-05-30 15:01:24,658 (INFO) - django.server "GET /fees-status/ HTTP/1.1" 200 837139
2026-05-30 15:01:24,732 (INFO) - django.server "GET /static/vendors/bootstrap/dist/css/bootstrap.min.css HTTP/1.1" 304 0
2026-05-30 15:01:24,818 (INFO) - django.server "GET /static/css/custom_overrides.css HTTP/1.1" 304 0
2026-05-30 15:01:24,834 (INFO) - django.server "GET /static/css/ux_improvements.css HTTP/1.1" 304 0
2026-05-30 15:01:24,853 (INFO) - django.server "GET /static/vendors/font-awesome/css/font-awesome.min.css HTTP/1.1" 304 0
2026-05-30 15:01:24,880 (INFO) - django.server "GET /static/vendors/jqvmap/dist/jqvmap.min.css HTTP/1.1" 304 0
2026-05-30 15:01:24,885 (INFO) - django.server "GET /static/vendors/bootstrap-daterangepicker/daterangepicker.css HTTP/1.1" 304 0
2026-05-30 15:01:24,897 (INFO) - django.server "GET /static/vendors/iCheck/skins/flat/green.css HTTP/1.1" 304 0
2026-05-30 15:01:24,898 (INFO) - django.server "GET /static/vendors/nprogress/nprogress.css HTTP/1.1" 304 0
2026-05-30 15:01:24,902 (INFO) - django.server "GET /static/vendors/bootstrap-progressbar/css/bootstrap-progressbar-3.3.4.min.css HTTP/1.1" 304 0
2026-05-30 15:01:24,975 (INFO) - django.server "GET /static/vendors/datatables.net-scroller-bs/css/scroller.bootstrap.min.css HTTP/1.1" 304 0
2026-05-30 15:01:24,977 (INFO) - django.server "GET /static/vendors/datatables.net-buttons-bs/css/buttons.bootstrap.min.css HTTP/1.1" 304 0
2026-05-30 15:01:24,990 (INFO) - django.server "GET /static/vendors/datatables.net-fixedheader-bs/css/fixedHeader.bootstrap.min.css HTTP/1.1" 304 0
2026-05-30 15:01:24,984 (INFO) - django.server "GET /static/vendors/datatables.net-responsive-bs/css/responsive.bootstrap.min.css HTTP/1.1" 304 0
2026-05-30 15:01:24,982 (INFO) - django.server "GET /static/build/css/custom.min.css HTTP/1.1" 304 0
2026-05-30 15:01:24,999 (INFO) - django.server "GET /static/vendors/datatables.net-bs/css/dataTables.bootstrap.min.css HTTP/1.1" 304 0
2026-05-30 15:01:25,072 (INFO) - django.server "GET /static/vendors/jquery/dist/jquery.min.js HTTP/1.1" 304 0
2026-05-30 15:01:25,092 (INFO) - django.server "GET /static/vendors/fastclick/lib/fastclick.js HTTP/1.1" 304 0
2026-05-30 15:01:25,092 (INFO) - django.server "GET /static/vendors/gauge.js/dist/gauge.min.js HTTP/1.1" 304 0
2026-05-30 15:01:25,101 (INFO) - django.server "GET /static/vendors/bootstrap/dist/js/bootstrap.bundle.min.js HTTP/1.1" 304 0
2026-05-30 15:01:25,110 (INFO) - django.server "GET /static/vendors/Chart.js/dist/Chart.min.js HTTP/1.1" 304 0
2026-05-30 15:01:25,115 (INFO) - django.server "GET /static/vendors/nprogress/nprogress.js HTTP/1.1" 304 0
2026-05-30 15:01:25,126 (INFO) - django.server "GET /static/vendors/iCheck/icheck.min.js HTTP/1.1" 304 0
2026-05-30 15:01:25,119 (INFO) - django.server "GET /static/vendors/bootstrap-progressbar/bootstrap-progressbar.min.js HTTP/1.1" 304 0
2026-05-30 15:01:25,173 (INFO) - django.server "GET /static/vendors/skycons/skycons.js HTTP/1.1" 304 0
2026-05-30 15:01:25,189 (INFO) - django.server "GET /static/vendors/Flot/jquery.flot.js HTTP/1.1" 304 0
2026-05-30 15:01:25,198 (INFO) - django.server "GET /static/vendors/flot.orderbars/js/jquery.flot.orderBars.js HTTP/1.1" 304 0
2026-05-30 15:01:25,199 (INFO) - django.server "GET /static/vendors/Flot/jquery.flot.stack.js HTTP/1.1" 304 0
2026-05-30 15:01:25,199 (INFO) - django.server "GET /static/vendors/Flot/jquery.flot.resize.js HTTP/1.1" 304 0
2026-05-30 15:01:25,201 (INFO) - django.server "GET /static/vendors/Flot/jquery.flot.pie.js HTTP/1.1" 304 0
2026-05-30 15:01:25,201 (INFO) - django.server "GET /static/vendors/Flot/jquery.flot.time.js HTTP/1.1" 304 0
2026-05-30 15:01:25,211 (INFO) - django.server "GET /static/vendors/flot-spline/js/jquery.flot.spline.min.js HTTP/1.1" 304 0
2026-05-30 15:01:25,220 (INFO) - django.server "GET /static/vendors/DateJS/build/date.js HTTP/1.1" 304 0
2026-05-30 15:01:25,221 (INFO) - django.server "GET /static/vendors/flot.curvedlines/curvedLines.js HTTP/1.1" 304 0
2026-05-30 15:01:25,245 (INFO) - django.server "GET /static/vendors/jqvmap/dist/jquery.vmap.js HTTP/1.1" 304 0
2026-05-30 15:01:25,260 (INFO) - django.server "GET /static/vendors/jqvmap/dist/maps/jquery.vmap.world.js HTTP/1.1" 304 0
2026-05-30 15:01:25,276 (INFO) - django.server "GET /static/vendors/jqvmap/examples/js/jquery.vmap.sampledata.js HTTP/1.1" 304 0
2026-05-30 15:01:25,280 (INFO) - django.server "GET /static/vendors/moment/min/moment.min.js HTTP/1.1" 304 0
2026-05-30 15:01:25,285 (INFO) - django.server "GET /static/vendors/bootstrap-daterangepicker/daterangepicker.js HTTP/1.1" 304 0
2026-05-30 15:01:25,296 (INFO) - django.server "GET /static/build/js/custom.min.js HTTP/1.1" 304 0
2026-05-30 15:01:25,310 (INFO) - django.server "GET /static/vendors/datatables.net/js/jquery.dataTables.min.js HTTP/1.1" 304 0
2026-05-30 15:01:25,321 (INFO) - django.server "GET /static/vendors/datatables.net-buttons/js/dataTables.buttons.min.js HTTP/1.1" 304 0
2026-05-30 15:01:25,322 (INFO) - django.server "GET /static/vendors/datatables.net-bs/js/dataTables.bootstrap.min.js HTTP/1.1" 304 0
2026-05-30 15:01:25,323 (INFO) - django.server "GET /static/vendors/datatables.net-buttons-bs/js/buttons.bootstrap.min.js HTTP/1.1" 304 0
2026-05-30 15:01:25,333 (INFO) - django.server "GET /static/vendors/datatables.net-buttons/js/buttons.flash.min.js HTTP/1.1" 304 0
2026-05-30 15:01:25,337 (INFO) - django.server "GET /static/vendors/datatables.net-buttons/js/buttons.html5.min.js HTTP/1.1" 304 0
2026-05-30 15:01:25,363 (INFO) - django.server "GET /static/vendors/datatables.net-buttons/js/buttons.print.min.js HTTP/1.1" 304 0
2026-05-30 15:01:25,406 (INFO) - django.server "GET /static/vendors/datatables.net-fixedheader/js/dataTables.fixedHeader.min.js HTTP/1.1" 304 0
2026-05-30 15:01:25,415 (INFO) - django.server "GET /static/vendors/datatables.net-responsive/js/dataTables.responsive.min.js HTTP/1.1" 304 0
2026-05-30 15:01:25,417 (INFO) - django.server "GET /static/vendors/datatables.net-keytable/js/dataTables.keyTable.min.js HTTP/1.1" 304 0
2026-05-30 15:01:25,420 (INFO) - django.server "GET /static/vendors/jszip/dist/jszip.min.js HTTP/1.1" 304 0
2026-05-30 15:01:25,420 (INFO) - django.server "GET /static/vendors/datatables.net-responsive-bs/js/responsive.bootstrap.js HTTP/1.1" 304 0
2026-05-30 15:01:25,412 (INFO) - django.server "GET /static/vendors/datatables.net-scroller/js/dataTables.scroller.min.js HTTP/1.1" 304 0
2026-05-30 15:01:25,489 (INFO) - django.server "GET /static/vendors/font-awesome/fonts/fontawesome-webfont.woff2?v=4.6.3 HTTP/1.1" 304 0
2026-05-30 15:01:25,502 (INFO) - django.server "GET /static/vendors/pdfmake/build/vfs_fonts.js HTTP/1.1" 304 0
2026-05-30 15:01:25,502 (INFO) - django.server "GET /static/vendors/pdfmake/build/pdfmake.min.js HTTP/1.1" 304 0
2026-05-30 15:01:39,671 (INFO) - django.server "GET /fees-ledger/?export=excel HTTP/1.1" 200 145648
2026-05-30 15:54:01,671 (INFO) - django.server "GET /classes/ HTTP/1.1" 302 0
2026-05-30 15:54:01,723 (INFO) - django.server "GET /?next=/classes/ HTTP/1.1" 200 12352
2026-05-30 15:54:01,914 (WARNING) - django.server "GET /media/logo/download_J1M9Yai.png HTTP/1.1" 404 44500
2026-05-30 15:54:06,288 (INFO) - django.server "POST /?next=/classes/ HTTP/1.1" 302 0
2026-05-30 15:54:07,340 (INFO) - django.server "GET /index/ HTTP/1.1" 200 84212
2026-05-30 15:54:07,379 (INFO) - django.server "GET /static/vendors/bootstrap/dist/css/bootstrap.min.css HTTP/1.1" 304 0
2026-05-30 15:54:07,401 (INFO) - django.server "GET /static/css/ux_improvements.css HTTP/1.1" 304 0
2026-05-30 15:54:07,433 (INFO) - django.server "GET /static/css/custom_overrides.css HTTP/1.1" 304 0
2026-05-30 15:54:07,441 (INFO) - django.server "GET /static/vendors/nprogress/nprogress.css HTTP/1.1" 304 0
2026-05-30 15:54:07,442 (INFO) - django.server "GET /static/vendors/font-awesome/css/font-awesome.min.css HTTP/1.1" 304 0
2026-05-30 15:54:07,445 (INFO) - django.server "GET /static/vendors/iCheck/skins/flat/green.css HTTP/1.1" 304 0
2026-05-30 15:54:07,449 (INFO) - django.server "GET /static/vendors/bootstrap-daterangepicker/daterangepicker.css HTTP/1.1" 304 0
2026-05-30 15:54:07,451 (INFO) - django.server "GET /static/vendors/jqvmap/dist/jqvmap.min.css HTTP/1.1" 304 0
2026-05-30 15:54:07,451 (INFO) - django.server "GET /static/vendors/bootstrap-progressbar/css/bootstrap-progressbar-3.3.4.min.css HTTP/1.1" 304 0
2026-05-30 15:54:07,468 (INFO) - django.server "GET /static/vendors/datatables.net-bs/css/dataTables.bootstrap.min.css HTTP/1.1" 304 0
2026-05-30 15:54:07,470 (INFO) - django.server "GET /static/vendors/datatables.net-buttons-bs/css/buttons.bootstrap.min.css HTTP/1.1" 304 0
2026-05-30 15:54:07,472 (INFO) - django.server "GET /static/vendors/datatables.net-fixedheader-bs/css/fixedHeader.bootstrap.min.css HTTP/1.1" 304 0
2026-05-30 15:54:07,542 (INFO) - django.server "GET /static/build/css/custom.min.css HTTP/1.1" 304 0
2026-05-30 15:54:07,542 (INFO) - django.server "GET /static/vendors/datatables.net-scroller-bs/css/scroller.bootstrap.min.css HTTP/1.1" 304 0
2026-05-30 15:54:07,544 (INFO) - django.server "GET /static/vendors/datatables.net-responsive-bs/css/responsive.bootstrap.min.css HTTP/1.1" 304 0
2026-05-30 15:54:07,568 (INFO) - django.server "GET /static/js/dashboard.js HTTP/1.1" 304 0
2026-05-30 15:54:07,569 (INFO) - django.server "GET /static/css/dashboard.css HTTP/1.1" 304 0
2026-05-30 15:54:07,575 (INFO) - django.server "GET /static/vendors/bootstrap/dist/js/bootstrap.bundle.min.js HTTP/1.1" 304 0
2026-05-30 15:54:07,587 (INFO) - django.server "GET /static/vendors/jquery/dist/jquery.min.js HTTP/1.1" 304 0
2026-05-30 15:54:07,592 (INFO) - django.server "GET /static/vendors/fastclick/lib/fastclick.js HTTP/1.1" 304 0
2026-05-30 15:54:07,696 (INFO) - django.server "GET /static/vendors/bootstrap-progressbar/bootstrap-progressbar.min.js HTTP/1.1" 304 0
2026-05-30 15:54:07,697 (INFO) - django.server "GET /static/vendors/gauge.js/dist/gauge.min.js HTTP/1.1" 304 0
2026-05-30 15:54:07,697 (INFO) - django.server "GET /static/vendors/Chart.js/dist/Chart.min.js HTTP/1.1" 304 0
2026-05-30 15:54:07,697 (INFO) - django.server "GET /static/vendors/nprogress/nprogress.js HTTP/1.1" 304 0
2026-05-30 15:54:07,697 (INFO) - django.server "GET /static/vendors/iCheck/icheck.min.js HTTP/1.1" 304 0
2026-05-30 15:54:07,706 (INFO) - django.server "GET /media/Staff/Profile_pics/download_3.jpeg HTTP/1.1" 200 4943
2026-05-30 15:54:07,753 (INFO) - django.server "GET /static/vendors/Flot/jquery.flot.time.js HTTP/1.1" 304 0
2026-05-30 15:54:07,754 (INFO) - django.server "GET /static/vendors/skycons/skycons.js HTTP/1.1" 304 0
2026-05-30 15:54:07,754 (INFO) - django.server "GET /static/vendors/Flot/jquery.flot.pie.js HTTP/1.1" 304 0
2026-05-30 15:54:07,754 (INFO) - django.server "GET /static/vendors/Flot/jquery.flot.stack.js HTTP/1.1" 304 0
2026-05-30 15:54:07,755 (INFO) - django.server "GET /static/vendors/Flot/jquery.flot.js HTTP/1.1" 304 0
2026-05-30 15:54:07,773 (INFO) - django.server "GET /static/vendors/Flot/jquery.flot.resize.js HTTP/1.1" 304 0
2026-05-30 15:54:07,777 (INFO) - django.server "GET /static/vendors/font-awesome/fonts/fontawesome-webfont.woff2?v=4.6.3 HTTP/1.1" 304 0
2026-05-30 15:54:07,791 (INFO) - django.server "GET /static/vendors/flot.orderbars/js/jquery.flot.orderBars.js HTTP/1.1" 304 0
2026-05-30 15:54:07,793 (INFO) - django.server "GET /static/vendors/flot.curvedlines/curvedLines.js HTTP/1.1" 304 0
2026-05-30 15:54:07,794 (INFO) - django.server "GET /static/vendors/DateJS/build/date.js HTTP/1.1" 304 0
2026-05-30 15:54:07,796 (INFO) - django.server "GET /static/vendors/flot-spline/js/jquery.flot.spline.min.js HTTP/1.1" 304 0
2026-05-30 15:54:07,835 (INFO) - django.server "GET /static/vendors/jqvmap/dist/jquery.vmap.js HTTP/1.1" 304 0
2026-05-30 15:54:07,877 (INFO) - django.server "GET /static/vendors/jqvmap/examples/js/jquery.vmap.sampledata.js HTTP/1.1" 304 0
2026-05-30 15:54:07,879 (INFO) - django.server "GET /static/vendors/jqvmap/dist/maps/jquery.vmap.world.js HTTP/1.1" 304 0
2026-05-30 15:54:07,880 (INFO) - django.server "GET /static/vendors/moment/min/moment.min.js HTTP/1.1" 304 0
2026-05-30 15:54:07,884 (INFO) - django.server "GET /static/vendors/bootstrap-daterangepicker/daterangepicker.js HTTP/1.1" 304 0
2026-05-30 15:54:07,885 (INFO) - django.server "GET /static/build/js/custom.min.js HTTP/1.1" 304 0
2026-05-30 15:54:07,887 (INFO) - django.server "GET /static/vendors/datatables.net/js/jquery.dataTables.min.js HTTP/1.1" 304 0
2026-05-30 15:54:07,891 (INFO) - django.server "GET /static/vendors/datatables.net-bs/js/dataTables.bootstrap.min.js HTTP/1.1" 304 0
2026-05-30 15:54:07,893 (INFO) - django.server "GET /static/vendors/datatables.net-buttons-bs/js/buttons.bootstrap.min.js HTTP/1.1" 304 0
2026-05-30 15:54:07,891 (INFO) - django.server "GET /static/vendors/datatables.net-buttons/js/dataTables.buttons.min.js HTTP/1.1" 304 0
2026-05-30 15:54:07,954 (INFO) - django.server "GET /static/vendors/datatables.net-responsive/js/dataTables.responsive.min.js HTTP/1.1" 304 0
2026-05-30 15:54:07,958 (INFO) - django.server "GET /static/vendors/datatables.net-buttons/js/buttons.html5.min.js HTTP/1.1" 304 0
2026-05-30 15:54:07,959 (INFO) - django.server "GET /static/vendors/datatables.net-keytable/js/dataTables.keyTable.min.js HTTP/1.1" 304 0
2026-05-30 15:54:07,960 (INFO) - django.server "GET /static/vendors/datatables.net-fixedheader/js/dataTables.fixedHeader.min.js HTTP/1.1" 304 0
2026-05-30 15:54:07,960 (INFO) - django.server "GET /static/vendors/datatables.net-buttons/js/buttons.flash.min.js HTTP/1.1" 304 0
2026-05-30 15:54:07,961 (INFO) - django.server "GET /static/vendors/datatables.net-buttons/js/buttons.print.min.js HTTP/1.1" 304 0
2026-05-30 15:54:08,055 (INFO) - django.server "GET /static/vendors/pdfmake/build/vfs_fonts.js HTTP/1.1" 304 0
2026-05-30 15:54:08,062 (INFO) - django.server "GET /static/vendors/datatables.net-scroller/js/dataTables.scroller.min.js HTTP/1.1" 304 0
2026-05-30 15:54:08,065 (INFO) - django.server "GET /static/vendors/datatables.net-responsive-bs/js/responsive.bootstrap.js HTTP/1.1" 304 0
2026-05-30 15:54:08,066 (INFO) - django.server "GET /static/vendors/pdfmake/build/pdfmake.min.js HTTP/1.1" 304 0
2026-05-30 15:54:08,071 (INFO) - django.server "GET /static/vendors/jszip/dist/jszip.min.js HTTP/1.1" 304 0
2026-05-30 15:54:17,887 (INFO) - django.server "GET /expenses/ HTTP/1.1" 200 469791
2026-05-30 15:54:18,871 (INFO) - django.server "GET /static/vendors/iCheck/skins/flat/green.png HTTP/1.1" 200 1444
2026-06-01 10:34:08,489 (INFO) - django.utils.autoreload Watching for file changes with StatReloader
2026-06-01 10:34:22,775 (INFO) - django.server "GET / HTTP/1.1" 200 12352
2026-06-01 10:34:29,957 (WARNING) - django.server "GET /media/logo/download_J1M9Yai.png HTTP/1.1" 404 44500
2026-06-01 10:34:38,722 (WARNING) - django.server "GET /favicon.ico HTTP/1.1" 404 44231
2026-06-01 10:36:35,294 (INFO) - django.server "POST / HTTP/1.1" 302 0
2026-06-01 10:36:36,377 (INFO) - django.server "GET /index/ HTTP/1.1" 200 84212
2026-06-01 10:36:36,753 (INFO) - django.server "GET /static/css/ux_improvements.css HTTP/1.1" 200 3499
2026-06-01 10:36:36,758 (INFO) - django.server "GET /static/css/custom_overrides.css HTTP/1.1" 200 6056
2026-06-01 10:36:36,766 (INFO) - django.server "GET /static/build/css/custom.min.css HTTP/1.1" 200 80510
2026-06-01 10:36:36,866 (INFO) - django.server "GET /static/js/dashboard.js HTTP/1.1" 200 14346
2026-06-01 10:36:36,868 (INFO) - django.server "GET /static/css/dashboard.css HTTP/1.1" 200 10935
2026-06-01 10:36:36,990 (INFO) - django.server "GET /media/Staff/Profile_pics/download_3.jpeg HTTP/1.1" 200 4943
2026-06-01 10:36:37,368 (INFO) - django.server "GET /static/vendors/font-awesome/fonts/fontawesome-webfont.woff2?v=4.6.3 HTTP/1.1" 200 71896
2026-06-01 10:39:02,783 (INFO) - django.server "GET /index/?term=4 HTTP/1.1" 200 88943
2026-06-01 10:39:20,083 (INFO) - django.server "GET /index/?term=6 HTTP/1.1" 200 84212
2026-06-01 10:49:59,864 (INFO) - django.utils.autoreload /home/wmisaac/Desktop/realb/app/views/fees_view.py changed, reloading.
2026-06-01 10:50:01,407 (INFO) - django.utils.autoreload Watching for file changes with StatReloader
2026-06-01 10:50:14,814 (INFO) - django.utils.autoreload /home/wmisaac/Desktop/realb/app/urls.py changed, reloading.
2026-06-01 10:50:16,116 (INFO) - django.utils.autoreload Watching for file changes with StatReloader
2026-06-01 10:54:47,336 (INFO) - django.utils.autoreload /home/wmisaac/Desktop/realb/app/services/fees_carry_forward.py changed, reloading.
2026-06-01 10:54:48,653 (INFO) - django.utils.autoreload Watching for file changes with StatReloader
2026-06-01 10:54:56,729 (INFO) - django.utils.autoreload /home/wmisaac/Desktop/realb/app/services/fees_carry_forward.py changed, reloading.
2026-06-01 10:54:58,234 (INFO) - django.utils.autoreload Watching for file changes with StatReloader
2026-06-01 11:02:53,725 (INFO) - django.server "GET /index/?term=6 HTTP/1.1" 200 84285
2026-06-01 11:02:55,899 (WARNING) - django.server "GET /media/logo/download_J1M9Yai.png HTTP/1.1" 404 44697
2026-06-01 11:02:59,585 (INFO) - django.server "GET /operations/ HTTP/1.1" 200 64530
2026-06-01 11:05:07,490 (INFO) - django.server "GET /fees/quick-payment/ HTTP/1.1" 200 63064
2026-06-01 11:05:15,257 (INFO) - django.server "GET /student_bill/ HTTP/1.1" 200 133294
2026-06-01 11:06:43,793 (INFO) - django.server "GET /fees/carry-forward/ HTTP/1.1" 200 115468
2026-06-01 11:07:12,840 (INFO) - django.server "POST /fees/carry-forward/ HTTP/1.1" 302 0
2026-06-01 11:07:16,676 (INFO) - django.server "GET /fees/carry-forward/?source_term=4&target_term=6&class=&active_only=1 HTTP/1.1" 200 115927
2026-06-01 11:08:27,526 (INFO) - django.server "GET /students/ HTTP/1.1" 200 355355
2026-06-01 11:08:28,499 (WARNING) - django.server "GET /media/student_photos/default.jpg HTTP/1.1" 404 44701
2026-06-01 11:08:28,522 (INFO) - django.server "GET /media/student_photos/IMG-20251020-WA0020.jpg HTTP/1.1" 200 56513
2026-06-01 11:08:28,678 (INFO) - django.server "GET /media/student_photos/Akisam_Abdulrahman.jpg HTTP/1.1" 200 67155
2026-06-01 11:08:28,718 (INFO) - django.server "GET /media/student_photos/Aydin_Mousa_Kimuli_Kg.2.jpg HTTP/1.1" 200 35199
2026-06-01 11:08:28,766 (WARNING) - django.server "GET /media/student_photos/Babirye_Zubedah_Kg.2.jpg HTTP/1.1" 404 44753
2026-06-01 11:08:28,872 (INFO) - django.server "GET /media/student_photos/Babirye_Salimah_Kafeer.jpg HTTP/1.1" 200 1630827
2026-06-01 11:08:28,908 (WARNING) - django.server "GET /media/student_photos/Basuulira_Ajmal_Fawzan.jpg HTTP/1.1" 404 44761
2026-06-01 11:09:53,251 (INFO) - django.server "HEAD /students/ HTTP/1.1" 302 0
2026-06-01 11:14:23,382 (INFO) - django.server "GET /students/ HTTP/1.1" 200 359967
2026-06-01 11:14:23,892 (WARNING) - django.server "GET /media/student_photos/default.jpg HTTP/1.1" 404 44701
2026-06-01 11:14:23,929 (INFO) - django.server - Broken pipe from ('127.0.0.1', 48086)
2026-06-01 11:14:24,338 (WARNING) - django.server "GET /media/student_photos/Basuulira_Ajmal_Fawzan.jpg HTTP/1.1" 404 44761
2026-06-01 11:14:24,357 (WARNING) - django.server "GET /media/student_photos/default.jpg HTTP/1.1" 404 44701
2026-06-01 11:14:24,365 (WARNING) - django.server "GET /media/student_photos/Babirye_Zubedah_Kg.2.jpg HTTP/1.1" 404 44753
2026-06-01 11:18:14,711 (INFO) - django.server "GET /students/ HTTP/1.1" 200 190207
2026-06-01 11:18:15,793 (WARNING) - django.server "GET /media/student_photos/default.jpg HTTP/1.1" 404 44701
2026-06-01 11:18:15,802 (WARNING) - django.server "GET /media/student_photos/Basuulira_Ajmal_Fawzan.jpg HTTP/1.1" 404 44761
2026-06-01 11:18:15,810 (WARNING) - django.server "GET /media/student_photos/Babirye_Zubedah_Kg.2.jpg HTTP/1.1" 404 44753
2026-06-01 11:18:34,290 (INFO) - django.server "GET /students/ HTTP/1.1" 200 190207
2026-06-01 11:18:35,083 (WARNING) - django.server "GET /media/student_photos/default.jpg HTTP/1.1" 404 44701
2026-06-01 11:18:35,109 (WARNING) - django.server "GET /media/student_photos/Basuulira_Ajmal_Fawzan.jpg HTTP/1.1" 404 44761
2026-06-01 11:18:35,120 (WARNING) - django.server "GET /media/student_photos/Babirye_Zubedah_Kg.2.jpg HTTP/1.1" 404 44753
2026-06-01 11:20:49,596 (INFO) - django.server "GET /students/ HTTP/1.1" 200 181309
2026-06-01 11:20:50,119 (WARNING) - django.server "GET /media/student_photos/default.jpg HTTP/1.1" 404 44701
2026-06-01 11:20:50,166 (WARNING) - django.server "GET /media/student_photos/Basuulira_Ajmal_Fawzan.jpg HTTP/1.1" 404 44761
2026-06-01 11:20:50,170 (WARNING) - django.server "GET /media/student_photos/Babirye_Zubedah_Kg.2.jpg HTTP/1.1" 404 44753
2026-06-01 11:41:38,512 (INFO) - django.server "GET /logout/ HTTP/1.1" 302 0
2026-06-01 11:41:38,550 (INFO) - django.server "GET / HTTP/1.1" 200 12352
2026-06-01 11:41:38,911 (WARNING) - django.server "GET /media/logo/download_J1M9Yai.png HTTP/1.1" 404 44697
2026-06-01 11:57:21,227 (INFO) - django.server "POST / HTTP/1.1" 302 0
2026-06-01 11:57:21,930 (INFO) - django.server "GET /index/ HTTP/1.1" 200 69109
2026-06-01 11:57:22,144 (INFO) - django.server "GET /static/admindek/css/plugins/phosphor-icons.css HTTP/1.1" 200 82750
2026-06-01 11:57:22,179 (INFO) - django.server "GET /static/admindek/css/plugins/buttons.bootstrap5.min.css HTTP/1.1" 200 7952
2026-06-01 11:57:22,181 (INFO) - django.server "GET /static/admindek/css/plugins/dataTables.bootstrap5.min.css HTTP/1.1" 200 19708
2026-06-01 11:57:22,182 (INFO) - django.server "GET /static/admindek/css/plugins/responsive.bootstrap5.min.css HTTP/1.1" 200 6045
2026-06-01 11:57:22,183 (INFO) - django.server "GET /static/admindek/css/plugins/tabler-icons.min.css HTTP/1.1" 200 251606
2026-06-01 11:57:22,194 (INFO) - django.server "GET /static/admindek/css/style.css HTTP/1.1" 200 669410
2026-06-01 11:57:22,220 (INFO) - django.server "GET /static/admindek/css/style-preset.css HTTP/1.1" 200 177283
2026-06-01 11:57:22,337 (INFO) - django.server "GET /media/Staff/Profile_pics/download_3.jpeg HTTP/1.1" 200 4943
2026-06-01 11:57:22,346 (WARNING) - django.server "GET /media/logo/download_J1M9Yai.png HTTP/1.1" 404 44697
2026-06-01 11:57:22,519 (INFO) - django.server "GET /static/admindek/css/plugins/Phosphor.woff2 HTTP/1.1" 200 147380
2026-06-01 11:57:22,527 (INFO) - django.server "GET /static/admindek/css/plugins/fonts/tabler-icons__2f81654524f0.woff2 HTTP/1.1" 200 831044
2026-06-01 12:00:15,603 (INFO) - django.server "GET /index/ HTTP/1.1" 200 46112
2026-06-01 12:00:15,793 (INFO) - django.server "GET /static/admindek/css/plugins/phosphor-icons.css HTTP/1.1" 304 0
2026-06-01 12:00:15,803 (INFO) - django.server "GET /static/admindek/css/plugins/tabler-icons.min.css HTTP/1.1" 304 0
2026-06-01 12:00:15,833 (INFO) - django.server "GET /static/admindek/css/plugins/dataTables.bootstrap5.min.css HTTP/1.1" 304 0
2026-06-01 12:00:15,838 (INFO) - django.server "GET /static/admindek/css/plugins/responsive.bootstrap5.min.css HTTP/1.1" 304 0
2026-06-01 12:00:15,838 (INFO) - django.server "GET /static/admindek/css/plugins/buttons.bootstrap5.min.css HTTP/1.1" 304 0
2026-06-01 12:00:15,847 (INFO) - django.server "GET /static/admindek/css/style-preset.css HTTP/1.1" 304 0
2026-06-01 12:00:15,850 (INFO) - django.server "GET /static/admindek/css/style.css HTTP/1.1" 304 0
2026-06-01 12:00:15,941 (INFO) - django.server "GET /static/admindek/js/plugins/simplebar.min.js HTTP/1.1" 200 27246
2026-06-01 12:00:15,983 (INFO) - django.server "GET /static/admindek/js/plugins/popper.min.js HTTP/1.1" 200 20122
2026-06-01 12:00:15,983 (INFO) - django.server "GET /static/admindek/js/theme.js HTTP/1.1" 200 21061
2026-06-01 12:00:15,985 (INFO) - django.server "GET /static/admindek/js/script.js HTTP/1.1" 200 21063
2026-06-01 12:00:15,987 (INFO) - django.server "GET /static/admindek/js/plugins/bootstrap.min.js HTTP/1.1" 200 60539
2026-06-01 12:00:15,998 (WARNING) - django.server "GET /media/logo/download_J1M9Yai.png HTTP/1.1" 404 44697
2026-06-01 12:00:16,027 (INFO) - django.server "GET /static/admindek/js/plugins/dataTables.min.js HTTP/1.1" 200 97671
2026-06-01 12:00:16,036 (INFO) - django.server "GET /static/admindek/js/plugins/dataTables.bootstrap5.min.js HTTP/1.1" 200 1450
2026-06-01 12:00:16,058 (INFO) - django.server "GET /static/admindek/js/plugins/buttons.bootstrap5.min.js HTTP/1.1" 200 1665
2026-06-01 12:00:16,061 (INFO) - django.server "GET /static/admindek/js/plugins/dataTables.responsive.min.js HTTP/1.1" 200 16209
2026-06-01 12:00:16,062 (INFO) - django.server "GET /static/admindek/js/plugins/buttons.html5.min.js HTTP/1.1" 200 26006
2026-06-01 12:00:16,068 (INFO) - django.server "GET /static/admindek/js/plugins/dataTables.buttons.min.js HTTP/1.1" 200 28051
2026-06-01 12:00:16,070 (INFO) - django.server "GET /static/admindek/js/plugins/buttons.print.min.js HTTP/1.1" 200 2963
2026-06-01 12:00:16,076 (INFO) - django.server "GET /static/admindek/js/plugins/responsive.bootstrap5.min.js HTTP/1.1" 200 1772
2026-06-01 12:00:16,090 (INFO) - django.server "GET /static/admindek/js/plugins/dataTables.fixedHeader.min.js HTTP/1.1" 200 12588
2026-06-01 12:00:16,101 (INFO) - django.server "GET /static/admindek/js/plugins/jszip.min.js HTTP/1.1" 200 97630
2026-06-01 12:00:16,105 (INFO) - django.server "GET /static/admindek/js/plugins/pdfmake.min.js HTTP/1.1" 200 1402214
2026-06-01 12:00:16,119 (INFO) - django.server "GET /static/admindek/css/plugins/Phosphor.woff2 HTTP/1.1" 304 0
2026-06-01 12:00:16,125 (INFO) - django.server "GET /static/admindek/css/plugins/fonts/tabler-icons__2f81654524f0.woff2 HTTP/1.1" 304 0
2026-06-01 12:00:16,145 (INFO) - django.server "GET /static/admindek/js/plugins/vfs_fonts.js HTTP/1.1" 200 830090
2026-06-01 12:00:16,150 (INFO) - django.server "GET /static/admindek/js/plugins/apexcharts.min.js HTTP/1.1" 200 581552
2026-06-01 12:00:37,967 (INFO) - django.server "GET /classes/ HTTP/1.1" 200 50697
2026-06-01 12:00:38,179 (WARNING) - django.server "GET /media/logo/download_J1M9Yai.png HTTP/1.1" 404 44697
2026-06-01 12:00:56,497 (INFO) - django.server "GET /students/ HTTP/1.1" 200 143382
2026-06-01 12:00:56,797 (INFO) - django.server "GET /media/student_photos/Akisam_Abdulrahman.jpg HTTP/1.1" 200 67155
2026-06-01 12:00:56,799 (WARNING) - django.server "GET /media/student_photos/default.jpg HTTP/1.1" 404 44701
2026-06-01 12:00:56,813 (WARNING) - django.server "GET /media/logo/download_J1M9Yai.png HTTP/1.1" 404 44697
2026-06-01 12:00:56,816 (INFO) - django.server "GET /media/student_photos/IMG-20251020-WA0020.jpg HTTP/1.1" 200 56513
2026-06-01 12:00:56,822 (INFO) - django.server "GET /media/student_photos/Aydin_Mousa_Kimuli_Kg.2.jpg HTTP/1.1" 200 35199
2026-06-01 12:00:56,834 (INFO) - django.server "GET /media/student_photos/Babirye_Salimah_Kafeer.jpg HTTP/1.1" 200 1630827
2026-06-01 12:00:57,032 (WARNING) - django.server "GET /media/student_photos/Babirye_Zubedah_Kg.2.jpg HTTP/1.1" 404 44753
2026-06-01 12:00:57,052 (WARNING) - django.server "GET /media/student_photos/Basuulira_Ajmal_Fawzan.jpg HTTP/1.1" 404 44761
2026-06-01 12:05:56,571 (INFO) - django.server "GET /logout/ HTTP/1.1" 302 0
2026-06-01 12:05:56,616 (INFO) - django.server "GET / HTTP/1.1" 200 4931
2026-06-01 12:05:56,756 (INFO) - django.server "GET /static/admindek/css/plugins/tabler-icons.min.css HTTP/1.1" 304 0
2026-06-01 12:05:56,767 (INFO) - django.server "GET /static/admindek/css/style.css HTTP/1.1" 304 0
2026-06-01 12:05:56,768 (INFO) - django.server "GET /static/admindek/css/plugins/phosphor-icons.css HTTP/1.1" 304 0
2026-06-01 12:05:56,776 (INFO) - django.server "GET /static/admindek/css/style-preset.css HTTP/1.1" 304 0
2026-06-01 12:05:56,777 (INFO) - django.server "GET /static/admindek/js/plugins/popper.min.js HTTP/1.1" 304 0
2026-06-01 12:05:56,812 (INFO) - django.server "GET /static/admindek/js/plugins/simplebar.min.js HTTP/1.1" 304 0
2026-06-01 12:05:56,826 (INFO) - django.server "GET /static/admindek/js/plugins/bootstrap.min.js HTTP/1.1" 304 0
2026-06-01 12:05:56,838 (INFO) - django.server "GET /static/admindek/js/script.js HTTP/1.1" 304 0
2026-06-01 12:05:56,885 (INFO) - django.server "GET /static/admindek/js/theme.js HTTP/1.1" 304 0
2026-06-01 12:05:56,911 (WARNING) - django.server "GET /media/logo/download_J1M9Yai.png HTTP/1.1" 404 44697
2026-06-01 12:05:57,028 (INFO) - django.server "GET /static/admindek/css/plugins/Phosphor.woff2 HTTP/1.1" 304 0
2026-06-01 12:06:26,939 (INFO) - django.server "POST / HTTP/1.1" 302 0
2026-06-01 12:06:27,677 (INFO) - django.server "GET /index/ HTTP/1.1" 200 46572
2026-06-01 12:06:27,944 (INFO) - django.server "GET /static/admindek/css/plugins/responsive.bootstrap5.min.css HTTP/1.1" 304 0
2026-06-01 12:06:27,946 (INFO) - django.server "GET /static/admindek/css/plugins/buttons.bootstrap5.min.css HTTP/1.1" 304 0
2026-06-01 12:06:27,947 (INFO) - django.server "GET /static/css/compat.css HTTP/1.1" 200 11653
2026-06-01 12:06:27,954 (INFO) - django.server "GET /static/admindek/css/plugins/dataTables.bootstrap5.min.css HTTP/1.1" 304 0
2026-06-01 12:06:28,043 (INFO) - django.server "GET /static/admindek/js/plugins/dataTables.min.js HTTP/1.1" 304 0
2026-06-01 12:06:28,045 (INFO) - django.server "GET /static/admindek/js/plugins/dataTables.bootstrap5.min.js HTTP/1.1" 304 0
2026-06-01 12:06:28,046 (INFO) - django.server "GET /static/admindek/js/plugins/dataTables.buttons.min.js HTTP/1.1" 304 0
2026-06-01 12:06:28,051 (INFO) - django.server "GET /media/Staff/Profile_pics/download_3.jpeg HTTP/1.1" 200 4943
2026-06-01 12:06:28,061 (INFO) - django.server "GET /static/admindek/js/plugins/buttons.bootstrap5.min.js HTTP/1.1" 304 0
2026-06-01 12:06:28,085 (INFO) - django.server "GET /static/admindek/js/plugins/responsive.bootstrap5.min.js HTTP/1.1" 304 0
2026-06-01 12:06:28,086 (INFO) - django.server "GET /static/admindek/js/plugins/buttons.print.min.js HTTP/1.1" 304 0
2026-06-01 12:06:28,113 (INFO) - django.server "GET /static/admindek/js/plugins/dataTables.responsive.min.js HTTP/1.1" 304 0
2026-06-01 12:06:28,114 (INFO) - django.server "GET /static/admindek/js/plugins/buttons.html5.min.js HTTP/1.1" 304 0
2026-06-01 12:06:28,118 (INFO) - django.server "GET /static/admindek/js/plugins/dataTables.fixedHeader.min.js HTTP/1.1" 304 0
2026-06-01 12:06:28,126 (WARNING) - django.server "GET /media/logo/download_J1M9Yai.png HTTP/1.1" 404 44697
2026-06-01 12:06:28,155 (INFO) - django.server "GET /static/admindek/js/plugins/jszip.min.js HTTP/1.1" 304 0
2026-06-01 12:06:28,175 (INFO) - django.server "GET /static/admindek/js/plugins/pdfmake.min.js HTTP/1.1" 304 0
2026-06-01 12:06:28,178 (INFO) - django.server "GET /static/admindek/js/plugins/apexcharts.min.js HTTP/1.1" 304 0
2026-06-01 12:06:28,178 (INFO) - django.server "GET /static/admindek/js/plugins/vfs_fonts.js HTTP/1.1" 304 0
2026-06-01 12:06:28,266 (INFO) - django.server "GET /static/admindek/css/plugins/fonts/tabler-icons__2f81654524f0.woff2 HTTP/1.1" 304 0
2026-06-01 12:07:29,458 (INFO) - django.server "GET /dashboard/overview/ HTTP/1.1" 200 33961
2026-06-01 12:07:29,598 (INFO) - django.server "GET /static/css/compat.css HTTP/1.1" 304 0
2026-06-01 12:07:29,722 (WARNING) - django.server "GET /media/logo/download_J1M9Yai.png HTTP/1.1" 404 44697
2026-06-01 12:07:35,198 (INFO) - django.server "GET /dashboard/academics/ HTTP/1.1" 200 37023
2026-06-01 12:07:35,437 (WARNING) - django.server "GET /media/logo/download_J1M9Yai.png HTTP/1.1" 404 44697
2026-06-01 12:07:41,277 (INFO) - django.server "GET /dashboard/attendance/ HTTP/1.1" 200 36414
2026-06-01 12:07:41,425 (WARNING) - django.server "GET /media/logo/download_J1M9Yai.png HTTP/1.1" 404 44697
2026-06-01 12:07:47,313 (INFO) - django.server "GET /dashboard/reports/ HTTP/1.1" 200 285815
2026-06-01 12:07:47,464 (WARNING) - django.server "GET /media/logo/download_J1M9Yai.png HTTP/1.1" 404 44697
2026-06-01 12:07:56,863 (INFO) - django.server "GET /dashboard/reports/?term=4 HTTP/1.1" 200 368175
2026-06-01 12:07:57,044 (WARNING) - django.server "GET /media/logo/download_J1M9Yai.png HTTP/1.1" 404 44697
2026-06-01 12:08:02,029 (INFO) - django.server "GET /index/ HTTP/1.1" 200 46572
2026-06-01 12:08:02,171 (WARNING) - django.server "GET /media/logo/download_J1M9Yai.png HTTP/1.1" 404 44697
2026-06-01 12:08:05,239 (INFO) - django.server "GET /index/?term=4 HTTP/1.1" 200 51300
2026-06-01 12:08:05,364 (WARNING) - django.server "GET /media/logo/download_J1M9Yai.png HTTP/1.1" 404 44697
2026-06-01 12:09:53,158 (INFO) - django.utils.autoreload Watching for file changes with StatReloader
2026-06-01 12:10:03,464 (WARNING) - django.server "GET /accounts/login/ HTTP/1.1" 404 44440
2026-06-01 12:10:59,291 (INFO) - django.server "GET / HTTP/1.1" 200 4931
2026-06-01 12:11:04,907 (INFO) - django.server "GET /index/?term=4 HTTP/1.1" 200 51300
2026-06-01 12:11:05,150 (INFO) - django.server "GET /static/admindek/css/plugins/phosphor-icons.css HTTP/1.1" 304 0
2026-06-01 12:11:05,187 (INFO) - django.server "GET /static/admindek/css/style.css HTTP/1.1" 304 0
2026-06-01 12:11:05,191 (INFO) - django.server "GET /static/admindek/css/plugins/tabler-icons.min.css HTTP/1.1" 304 0
2026-06-01 12:11:05,193 (INFO) - django.server "GET /static/admindek/css/plugins/responsive.bootstrap5.min.css HTTP/1.1" 304 0
2026-06-01 12:11:05,194 (INFO) - django.server "GET /static/admindek/css/style-preset.css HTTP/1.1" 304 0
2026-06-01 12:11:05,195 (INFO) - django.server "GET /static/css/compat.css HTTP/1.1" 304 0
2026-06-01 12:11:05,196 (INFO) - django.server "GET /static/admindek/css/plugins/buttons.bootstrap5.min.css HTTP/1.1" 304 0
2026-06-01 12:11:05,202 (INFO) - django.server "GET /static/admindek/css/plugins/dataTables.bootstrap5.min.css HTTP/1.1" 304 0
2026-06-01 12:11:05,315 (INFO) - django.server "GET /static/admindek/js/plugins/popper.min.js HTTP/1.1" 304 0
2026-06-01 12:11:05,336 (INFO) - django.server "GET /static/admindek/js/plugins/simplebar.min.js HTTP/1.1" 304 0
2026-06-01 12:11:05,347 (INFO) - django.server "GET /static/admindek/js/theme.js HTTP/1.1" 304 0
2026-06-01 12:11:05,350 (INFO) - django.server "GET /static/admindek/js/plugins/bootstrap.min.js HTTP/1.1" 304 0
2026-06-01 12:11:05,367 (INFO) - django.server "GET /static/admindek/js/script.js HTTP/1.1" 304 0
2026-06-01 12:11:05,368 (INFO) - django.server "GET /static/admindek/js/plugins/dataTables.min.js HTTP/1.1" 304 0
2026-06-01 12:11:05,375 (INFO) - django.server "GET /static/admindek/js/plugins/dataTables.bootstrap5.min.js HTTP/1.1" 304 0
2026-06-01 12:11:05,380 (INFO) - django.server "GET /static/admindek/js/plugins/dataTables.buttons.min.js HTTP/1.1" 304 0
2026-06-01 12:11:05,419 (INFO) - django.server "GET /static/admindek/js/plugins/buttons.bootstrap5.min.js HTTP/1.1" 304 0
2026-06-01 12:11:05,430 (INFO) - django.server "GET /static/admindek/js/plugins/buttons.html5.min.js HTTP/1.1" 304 0
2026-06-01 12:11:05,463 (INFO) - django.server "GET /static/admindek/js/plugins/responsive.bootstrap5.min.js HTTP/1.1" 304 0
2026-06-01 12:11:05,471 (INFO) - django.server "GET /static/admindek/js/plugins/dataTables.responsive.min.js HTTP/1.1" 304 0
2026-06-01 12:11:05,471 (INFO) - django.server "GET /static/admindek/js/plugins/buttons.print.min.js HTTP/1.1" 304 0
2026-06-01 12:11:05,483 (WARNING) - django.server "GET /media/logo/download_J1M9Yai.png HTTP/1.1" 404 44697
2026-06-01 12:11:05,543 (INFO) - django.server "GET /static/admindek/js/plugins/dataTables.fixedHeader.min.js HTTP/1.1" 304 0
2026-06-01 12:11:05,559 (INFO) - django.server "GET /static/admindek/js/plugins/pdfmake.min.js HTTP/1.1" 304 0
2026-06-01 12:11:05,561 (INFO) - django.server "GET /static/admindek/js/plugins/jszip.min.js HTTP/1.1" 304 0
2026-06-01 12:11:05,564 (INFO) - django.server "GET /static/admindek/js/plugins/vfs_fonts.js HTTP/1.1" 304 0
2026-06-01 12:11:05,578 (INFO) - django.server "GET /static/admindek/js/plugins/apexcharts.min.js HTTP/1.1" 304 0
2026-06-01 12:11:05,597 (INFO) - django.server "GET /static/admindek/css/plugins/Phosphor.woff2 HTTP/1.1" 304 0
2026-06-01 12:11:05,621 (INFO) - django.server "GET /static/admindek/css/plugins/fonts/tabler-icons__2f81654524f0.woff2 HTTP/1.1" 304 0
2026-06-01 12:11:29,040 (INFO) - django.server "GET /staffs/ HTTP/1.1" 200 154335
2026-06-01 12:11:29,448 (WARNING) - django.server "GET /media/logo/download_J1M9Yai.png HTTP/1.1" 404 44697
2026-06-01 12:11:29,521 (WARNING) - django.server "GET /media/Staff/Profile_pics/uwaisu.jpeg HTTP/1.1" 404 44717
2026-06-01 12:11:29,558 (WARNING) - django.server "GET /media/Staff/Profile_pics/photo.jpeg HTTP/1.1" 404 44713
2026-06-01 12:11:29,599 (INFO) - django.server "GET /media/Staff/Profile_pics/cocas.jpeg HTTP/1.1" 200 100878
2026-06-01 12:11:29,642 (INFO) - django.server "GET /media/Staff/Profile_pics/shifah.jpeg HTTP/1.1" 200 33138
2026-06-01 12:11:29,672 (INFO) - django.server "GET /media/Staff/Profile_pics/peter.jpeg HTTP/1.1" 200 223553
2026-06-01 12:11:29,695 (INFO) - django.server "GET /media/Staff/Profile_pics/WhatsApp_Image_2025-11-21_at_12.35.36.jpeg HTTP/1.1" 200 75202
2026-06-01 12:11:29,763 (INFO) - django.server "GET /media/Staff/Profile_pics/mut.jpg HTTP/1.1" 200 157399
2026-06-01 12:11:29,777 (INFO) - django.server "GET /media/Staff/Profile_pics/SIRAJE.jpg HTTP/1.1" 200 185195
2026-06-01 12:11:29,792 (INFO) - django.server "GET /media/Staff/Profile_pics/file.jpg HTTP/1.1" 200 11979
2026-06-01 12:11:29,793 (INFO) - django.server "GET /media/Staff/Profile_pics/BATTE.jpg HTTP/1.1" 200 106904
2026-06-01 12:11:29,811 (INFO) - django.server "GET /media/Staff/Profile_pics/mus.jpg HTTP/1.1" 200 12035
2026-06-01 12:11:29,842 (INFO) - django.server "GET /media/Staff/Profile_pics/jan.jpg HTTP/1.1" 200 53010
2026-06-01 12:11:29,948 (INFO) - django.server "GET /media/Staff/Profile_pics/hani.jpg HTTP/1.1" 200 142216
2026-06-01 12:11:29,957 (INFO) - django.server "GET /media/Staff/Profile_pics/MA.jpg HTTP/1.1" 200 151072
2026-06-01 12:11:30,028 (INFO) - django.server "GET /media/Staff/Profile_pics/AIDA.jpg HTTP/1.1" 200 200224
2026-06-01 12:11:30,069 (INFO) - django.server "GET /media/Staff/Profile_pics/bush.jpg HTTP/1.1" 200 98474
2026-06-01 12:11:30,081 (INFO) - django.server "GET /media/Staff/Profile_pics/maria.jpg HTTP/1.1" 200 245876
2026-06-01 12:11:30,101 (INFO) - django.server "GET /media/Staff/Profile_pics/BASH.jpg HTTP/1.1" 200 29916
2026-06-01 12:11:30,102 (INFO) - django.server "GET /media/Staff/Profile_pics/rt.jpg HTTP/1.1" 200 95873
2026-06-01 12:11:30,102 (INFO) - django.server "GET /media/Staff/Profile_pics/HUHU.jpg HTTP/1.1" 200 48876
2026-06-01 12:11:30,129 (INFO) - django.server "GET /media/Staff/Profile_pics/mhd.JPG HTTP/1.1" 200 582284
2026-06-01 12:11:30,131 (INFO) - django.server "GET /media/Staff/Profile_pics/UMA.jpg HTTP/1.1" 200 54715
2026-06-01 12:11:30,189 (INFO) - django.server "GET /media/Staff/Profile_pics/1cc50340-f490-4fda-b448-e958441e3628.jpg HTTP/1.1" 200 72624
2026-06-01 12:11:30,343 (INFO) - django.server "GET /media/Staff/Profile_pics/AA_iwthg2u.jpg HTTP/1.1" 200 11719
2026-06-01 12:11:30,353 (INFO) - django.server "GET /media/Staff/Profile_pics/ibra.jpg HTTP/1.1" 200 10425
2026-06-01 12:11:30,354 (INFO) - django.server "GET /media/Staff/Profile_pics/DEEDD.jpg HTTP/1.1" 200 87944
2026-06-01 12:11:30,365 (INFO) - django.server "GET /media/Staff/Profile_pics/asma.jpg HTTP/1.1" 200 72551
2026-06-01 12:11:30,370 (INFO) - django.server "GET /media/Staff/Profile_pics/HAWA.jpg HTTP/1.1" 200 79549
2026-06-01 12:11:30,384 (INFO) - django.server "GET /media/Staff/Profile_pics/SWAL.jpg HTTP/1.1" 200 100464
2026-06-01 12:11:30,519 (INFO) - django.server "GET /media/Staff/Profile_pics/NTANDA.jpg HTTP/1.1" 200 56356
2026-06-01 12:11:30,571 (INFO) - django.server "GET /media/Staff/Profile_pics/HAA.jpg HTTP/1.1" 200 117463
2026-06-01 12:11:30,584 (INFO) - django.server "GET /media/Staff/Profile_pics/JOWE.jpg HTTP/1.1" 200 72804
2026-06-01 12:11:30,592 (INFO) - django.server "GET /media/Staff/Profile_pics/79a2aed1-e07f-42dd-96ae-99ef97e1be1a.jpg HTTP/1.1" 200 180329
2026-06-01 12:11:30,595 (INFO) - django.server "GET /media/Staff/Profile_pics/fahd.jpg HTTP/1.1" 200 84553
2026-06-01 12:11:30,599 (INFO) - django.server "GET /media/Staff/Profile_pics/neir.jpg HTTP/1.1" 200 130072
2026-06-01 12:11:30,653 (INFO) - django.server "GET /media/Staff/Profile_pics/NAMBO.jpg HTTP/1.1" 200 74486
2026-06-01 12:11:30,766 (INFO) - django.server "GET /media/Staff/Profile_pics/nant.jpg HTTP/1.1" 200 36446
2026-06-01 12:11:30,768 (INFO) - django.server "GET /media/Staff/Profile_pics/fik.jpg HTTP/1.1" 200 109778
2026-06-01 12:11:30,770 (INFO) - django.server "GET /media/Staff/Profile_pics/FAT.jpg HTTP/1.1" 200 161914
2026-06-01 12:11:30,773 (INFO) - django.server "GET /media/Staff/Profile_pics/yvonne.jpg HTTP/1.1" 200 17252
2026-06-01 12:11:37,649 (INFO) - django.server "GET /search/?q=lll HTTP/1.1" 200 30428
2026-06-01 12:11:37,809 (WARNING) - django.server "GET /media/logo/download_J1M9Yai.png HTTP/1.1" 404 44697
2026-06-01 12:11:50,199 (INFO) - django.server "GET /search/?q=kato HTTP/1.1" 200 33191
2026-06-01 12:11:50,392 (WARNING) - django.server "GET /media/logo/download_J1M9Yai.png HTTP/1.1" 404 44697
2026-06-01 12:12:12,396 (INFO) - django.server "GET /student_bill/ HTTP/1.1" 200 95455
2026-06-01 12:12:12,498 (INFO) - django.server "GET /static/css/compat.css HTTP/1.1" 304 0
2026-06-01 12:12:12,559 (WARNING) - django.server "GET /media/logo/download_J1M9Yai.png HTTP/1.1" 404 44697
2026-06-01 12:12:20,602 (INFO) - django.server "GET /student_bill_details/1958/ HTTP/1.1" 200 76276
2026-06-01 12:12:20,781 (WARNING) - django.server "GET /media/student_photos/default.jpg HTTP/1.1" 404 44701
2026-06-01 12:12:20,783 (WARNING) - django.server "GET /media/logo/download_J1M9Yai.png HTTP/1.1" 404 44697
2026-06-01 12:12:37,908 (INFO) - django.server "GET /settings/ HTTP/1.1" 200 92419
2026-06-01 12:12:38,075 (INFO) - django.server "GET /media/signatures/HM_SIGNATURE.png HTTP/1.1" 200 98718
2026-06-01 12:12:38,076 (WARNING) - django.server "GET /media/logo/download_J1M9Yai.png HTTP/1.1" 404 44697
2026-06-01 12:12:38,797 (INFO) - django.server "GET /settings/ HTTP/1.1" 200 92419
2026-06-01 12:12:55,572 (INFO) - django.server "GET /index/ HTTP/1.1" 200 46572
2026-06-01 12:12:55,726 (WARNING) - django.server "GET /media/logo/download_J1M9Yai.png HTTP/1.1" 404 44697
2026-06-01 12:14:05,660 (INFO) - django.server "GET /index/ HTTP/1.1" 200 46572
2026-06-01 12:14:05,795 (INFO) - django.server "GET /static/css/compat.css HTTP/1.1" 304 0
2026-06-01 12:14:05,855 (WARNING) - django.server "GET /media/logo/download_J1M9Yai.png HTTP/1.1" 404 44697
2026-06-01 12:14:06,340 (INFO) - django.server "GET /static/admindek/js/plugins/vfs_fonts.js HTTP/1.1" 304 0
2026-06-01 12:14:06,371 (INFO) - django.server "GET /static/admindek/js/plugins/apexcharts.min.js HTTP/1.1" 304 0
2026-06-01 12:14:44,211 (INFO) - django.server "GET /operations/ HTTP/1.1" 200 26997
2026-06-01 12:14:44,307 (INFO) - django.server "GET /static/admindek/css/plugins/phosphor-icons.css HTTP/1.1" 304 0
2026-06-01 12:14:44,383 (INFO) - django.server "GET /static/admindek/css/plugins/tabler-icons.min.css HTTP/1.1" 304 0
2026-06-01 12:14:44,393 (INFO) - django.server "GET /static/admindek/css/plugins/dataTables.bootstrap5.min.css HTTP/1.1" 304 0
2026-06-01 12:14:44,408 (INFO) - django.server "GET /static/admindek/css/style.css HTTP/1.1" 304 0
2026-06-01 12:14:44,409 (INFO) - django.server "GET /static/admindek/css/style-preset.css HTTP/1.1" 304 0
2026-06-01 12:14:44,409 (INFO) - django.server "GET /static/admindek/css/plugins/buttons.bootstrap5.min.css HTTP/1.1" 304 0
2026-06-01 12:14:44,410 (INFO) - django.server "GET /static/admindek/css/plugins/responsive.bootstrap5.min.css HTTP/1.1" 304 0
2026-06-01 12:14:44,494 (INFO) - django.server "GET /static/admindek/js/plugins/popper.min.js HTTP/1.1" 304 0
2026-06-01 12:14:44,502 (INFO) - django.server "GET /static/admindek/js/plugins/simplebar.min.js HTTP/1.1" 304 0
2026-06-01 12:14:44,532 (INFO) - django.server "GET /static/admindek/js/plugins/bootstrap.min.js HTTP/1.1" 304 0
2026-06-01 12:14:44,555 (INFO) - django.server "GET /static/admindek/js/script.js HTTP/1.1" 304 0
2026-06-01 12:14:44,570 (INFO) - django.server "GET /static/admindek/js/theme.js HTTP/1.1" 304 0
2026-06-01 12:14:44,573 (INFO) - django.server "GET /static/admindek/js/plugins/dataTables.min.js HTTP/1.1" 304 0
2026-06-01 12:14:44,581 (INFO) - django.server "GET /static/admindek/js/plugins/dataTables.bootstrap5.min.js HTTP/1.1" 304 0
2026-06-01 12:14:44,625 (INFO) - django.server "GET /static/admindek/js/plugins/buttons.bootstrap5.min.js HTTP/1.1" 304 0
2026-06-01 12:14:44,653 (INFO) - django.server "GET /static/admindek/js/plugins/dataTables.buttons.min.js HTTP/1.1" 304 0
2026-06-01 12:14:44,675 (INFO) - django.server "GET /static/admindek/js/plugins/buttons.html5.min.js HTTP/1.1" 304 0
2026-06-01 12:14:44,678 (INFO) - django.server "GET /static/admindek/js/plugins/responsive.bootstrap5.min.js HTTP/1.1" 304 0
2026-06-01 12:14:44,680 (INFO) - django.server "GET /static/admindek/js/plugins/dataTables.responsive.min.js HTTP/1.1" 304 0
2026-06-01 12:14:44,684 (INFO) - django.server "GET /static/admindek/js/plugins/buttons.print.min.js HTTP/1.1" 304 0
2026-06-01 12:14:44,709 (INFO) - django.server "GET /static/admindek/js/plugins/dataTables.fixedHeader.min.js HTTP/1.1" 304 0
2026-06-01 12:14:44,715 (WARNING) - django.server "GET /media/logo/download_J1M9Yai.png HTTP/1.1" 404 44697
2026-06-01 12:14:44,717 (INFO) - django.server "GET /static/admindek/js/plugins/jszip.min.js HTTP/1.1" 304 0
2026-06-01 12:14:44,732 (INFO) - django.server "GET /static/admindek/js/plugins/pdfmake.min.js HTTP/1.1" 304 0
2026-06-01 12:14:44,749 (INFO) - django.server "GET /static/admindek/css/plugins/fonts/tabler-icons__2f81654524f0.woff2 HTTP/1.1" 304 0
2026-06-01 12:14:44,749 (INFO) - django.server "GET /static/admindek/css/plugins/Phosphor.woff2 HTTP/1.1" 304 0
2026-06-01 12:14:57,705 (INFO) - django.server "GET /fees/quick-payment/ HTTP/1.1" 200 25531
2026-06-01 12:14:57,929 (WARNING) - django.server "GET /media/logo/download_J1M9Yai.png HTTP/1.1" 404 44697
2026-06-01 12:15:20,504 (INFO) - django.server "GET /communications/announcements/ HTTP/1.1" 200 33234
2026-06-01 12:15:20,703 (WARNING) - django.server "GET /media/logo/download_J1M9Yai.png HTTP/1.1" 404 44697
2026-06-01 12:15:24,167 (INFO) - django.server "GET /communications/events/ HTTP/1.1" 200 33035
2026-06-01 12:15:24,270 (INFO) - django.server "GET /static/css/compat.css HTTP/1.1" 304 0
2026-06-01 12:15:24,368 (WARNING) - django.server "GET /media/logo/download_J1M9Yai.png HTTP/1.1" 404 44697
2026-06-01 12:15:27,012 (INFO) - django.server "GET /communications/messages/ HTTP/1.1" 200 27892
2026-06-01 12:15:27,224 (WARNING) - django.server "GET /media/logo/download_J1M9Yai.png HTTP/1.1" 404 44697
2026-06-01 12:15:51,626 (INFO) - django.server "GET /results/overview/ HTTP/1.1" 200 41924
2026-06-01 12:15:51,841 (WARNING) - django.server "GET /media/logo/download_J1M9Yai.png HTTP/1.1" 404 44697
2026-06-01 12:16:08,110 (INFO) - django.server "GET /results/overview/?academic_year_id=2&term_id=4&class_id=7 HTTP/1.1" 200 46764
2026-06-01 12:16:08,399 (WARNING) - django.server "GET /media/logo/download_J1M9Yai.png HTTP/1.1" 404 44697
2026-06-01 12:16:58,663 (INFO) - django.server "GET /academic_classes/ HTTP/1.1" 200 185146
2026-06-01 12:16:58,872 (INFO) - django.server "GET /static/css/compat.css HTTP/1.1" 304 0
2026-06-01 12:16:59,043 (INFO) - django.server "GET /media/Staff/Profile_pics/download_3.jpeg HTTP/1.1" 200 4943
2026-06-01 12:16:59,127 (WARNING) - django.server "GET /media/logo/download_J1M9Yai.png HTTP/1.1" 404 44697
2026-06-01 12:17:09,548 (INFO) - django.server "GET /academic_class_details/41/ HTTP/1.1" 200 75325
2026-06-01 12:17:09,862 (WARNING) - django.server "GET /media/logo/download_J1M9Yai.png HTTP/1.1" 404 44697
2026-06-01 12:17:26,123 (INFO) - django.server "GET /student_details/1090/ HTTP/1.1" 200 60434
2026-06-01 12:17:26,287 (INFO) - django.server "GET /static/admindek/js/plugins/vfs_fonts.js HTTP/1.1" 304 0
2026-06-01 12:17:26,298 (INFO) - django.server "GET /static/admindek/js/plugins/apexcharts.min.js HTTP/1.1" 304 0
2026-06-01 12:17:26,398 (WARNING) - django.server "GET /media/student_photos/default.jpg HTTP/1.1" 404 44701
2026-06-01 12:17:26,404 (WARNING) - django.server "GET /media/logo/download_J1M9Yai.png HTTP/1.1" 404 44697
2026-06-01 12:17:57,561 (INFO) - django.server "GET /index/ HTTP/1.1" 200 46572
2026-06-01 12:17:57,944 (WARNING) - django.server "GET /media/logo/download_J1M9Yai.png HTTP/1.1" 404 44697
2026-06-01 12:18:33,865 (INFO) - django.server "GET /students/ HTTP/1.1" 200 144206
2026-06-01 12:18:33,973 (INFO) - django.server "GET /static/admindek/css/plugins/phosphor-icons.css HTTP/1.1" 304 0
2026-06-01 12:18:34,026 (INFO) - django.server "GET /static/admindek/css/plugins/tabler-icons.min.css HTTP/1.1" 304 0
2026-06-01 12:18:34,038 (INFO) - django.server "GET /static/admindek/css/plugins/responsive.bootstrap5.min.css HTTP/1.1" 304 0
2026-06-01 12:18:34,043 (INFO) - django.server "GET /static/admindek/css/plugins/dataTables.bootstrap5.min.css HTTP/1.1" 304 0
2026-06-01 12:18:34,063 (INFO) - django.server "GET /static/admindek/css/plugins/buttons.bootstrap5.min.css HTTP/1.1" 304 0
2026-06-01 12:18:34,064 (INFO) - django.server "GET /static/admindek/css/style.css HTTP/1.1" 304 0
2026-06-01 12:18:34,067 (INFO) - django.server "GET /static/admindek/css/style-preset.css HTTP/1.1" 304 0
2026-06-01 12:18:34,070 (INFO) - django.server "GET /static/css/compat.css HTTP/1.1" 304 0
2026-06-01 12:18:34,213 (INFO) - django.server "GET /static/admindek/js/plugins/popper.min.js HTTP/1.1" 304 0
2026-06-01 12:18:34,243 (INFO) - django.server "GET /static/admindek/js/plugins/bootstrap.min.js HTTP/1.1" 304 0
2026-06-01 12:18:34,286 (INFO) - django.server "GET /static/admindek/js/plugins/simplebar.min.js HTTP/1.1" 304 0
2026-06-01 12:18:34,288 (INFO) - django.server "GET /static/admindek/js/script.js HTTP/1.1" 304 0
2026-06-01 12:18:34,289 (INFO) - django.server "GET /static/admindek/js/theme.js HTTP/1.1" 304 0
2026-06-01 12:18:34,323 (INFO) - django.server "GET /static/admindek/js/plugins/dataTables.min.js HTTP/1.1" 304 0
2026-06-01 12:18:34,341 (INFO) - django.server "GET /static/admindek/js/plugins/dataTables.bootstrap5.min.js HTTP/1.1" 304 0
2026-06-01 12:18:34,383 (INFO) - django.server "GET /static/admindek/js/plugins/dataTables.buttons.min.js HTTP/1.1" 304 0
2026-06-01 12:18:34,400 (INFO) - django.server "GET /static/admindek/js/plugins/buttons.bootstrap5.min.js HTTP/1.1" 304 0
2026-06-01 12:18:34,423 (INFO) - django.server "GET /static/admindek/js/plugins/buttons.html5.min.js HTTP/1.1" 304 0
2026-06-01 12:18:34,426 (INFO) - django.server "GET /media/student_photos/IMG-20251020-WA0020.jpg HTTP/1.1" 200 56513
2026-06-01 12:18:34,431 (WARNING) - django.server "GET /media/logo/download_J1M9Yai.png HTTP/1.1" 404 44697
2026-06-01 12:18:34,432 (INFO) - django.server "GET /static/admindek/js/plugins/buttons.print.min.js HTTP/1.1" 304 0
2026-06-01 12:18:34,437 (WARNING) - django.server "GET /media/student_photos/default.jpg HTTP/1.1" 404 44701
2026-06-01 12:18:34,467 (INFO) - django.server "GET /static/admindek/js/plugins/dataTables.responsive.min.js HTTP/1.1" 304 0
2026-06-01 12:18:34,470 (INFO) - django.server "GET /static/admindek/js/plugins/responsive.bootstrap5.min.js HTTP/1.1" 304 0
2026-06-01 12:18:34,470 (INFO) - django.server "GET /static/admindek/js/plugins/dataTables.fixedHeader.min.js HTTP/1.1" 304 0
2026-06-01 12:18:34,480 (INFO) - django.server "GET /static/admindek/js/plugins/jszip.min.js HTTP/1.1" 304 0
2026-06-01 12:18:34,481 (INFO) - django.server "GET /static/admindek/js/plugins/pdfmake.min.js HTTP/1.1" 304 0
2026-06-01 12:18:34,625 (INFO) - django.server "GET /media/student_photos/Akisam_Abdulrahman.jpg HTTP/1.1" 200 67155
2026-06-01 12:18:34,702 (INFO) - django.server "GET /media/student_photos/Aydin_Mousa_Kimuli_Kg.2.jpg HTTP/1.1" 200 35199
2026-06-01 12:18:34,715 (WARNING) - django.server "GET /media/student_photos/default.jpg HTTP/1.1" 404 44701
2026-06-01 12:18:34,716 (WARNING) - django.server "GET /media/student_photos/Babirye_Zubedah_Kg.2.jpg HTTP/1.1" 404 44753
2026-06-01 12:18:34,760 (WARNING) - django.server "GET /media/student_photos/Basuulira_Ajmal_Fawzan.jpg HTTP/1.1" 404 44761
2026-06-01 12:18:34,770 (INFO) - django.server "GET /media/student_photos/Babirye_Salimah_Kafeer.jpg HTTP/1.1" 200 1630827
2026-06-01 12:18:42,848 (INFO) - django.server "GET /static/admindek/css/plugins/Phosphor.woff2 HTTP/1.1" 304 0
2026-06-01 12:18:42,854 (INFO) - django.server "GET /static/admindek/css/plugins/fonts/tabler-icons__2f81654524f0.woff2 HTTP/1.1" 304 0
2026-06-01 12:20:00,983 (INFO) - django.utils.autoreload /home/wmisaac/Desktop/realb/.venv/lib/python3.12/site-packages/asgiref/current_thread_executor.py changed, reloading.
2026-06-01 12:20:02,562 (INFO) - django.utils.autoreload Watching for file changes with StatReloader
2026-06-01 12:21:47,101 (INFO) - django.utils.autoreload Watching for file changes with StatReloader
2026-06-01 12:22:08,569 (INFO) - django.utils.autoreload /home/wmisaac/Desktop/realb/core/settings/common.py changed, reloading.
2026-06-01 12:22:09,367 (INFO) - django.utils.autoreload Watching for file changes with StatReloader
2026-06-01 12:22:37,697 (INFO) - django.utils.autoreload Watching for file changes with StatReloader
2026-06-01 12:25:19,133 (INFO) - django.utils.autoreload /home/wmisaac/Desktop/realb/.venv/lib/python3.12/site-packages/django/contrib/auth/hashers.py changed, reloading.
2026-06-01 12:25:28,442 (INFO) - django.utils.autoreload Watching for file changes with StatReloader
2026-06-01 12:25:39,276 (INFO) - django.server "GET /students/ HTTP/1.1" 200 144543
2026-06-01 12:25:39,486 (INFO) - django.server "GET /static/admindek/css/plugins/phosphor-icons.css HTTP/1.1" 304 0
2026-06-01 12:25:39,487 (INFO) - django.server "GET /static/admindek/css/style-preset.css HTTP/1.1" 304 0
2026-06-01 12:25:39,489 (INFO) - django.server "GET /static/admindek/css/plugins/dataTables.bootstrap5.min.css HTTP/1.1" 304 0
2026-06-01 12:25:39,489 (INFO) - django.server "GET /static/admindek/css/plugins/tabler-icons.min.css HTTP/1.1" 304 0
2026-06-01 12:25:39,497 (INFO) - django.server "GET /static/css/compat.css HTTP/1.1" 304 0
2026-06-01 12:25:39,499 (INFO) - django.server "GET /static/admindek/css/plugins/buttons.bootstrap5.min.css HTTP/1.1" 304 0
2026-06-01 12:25:39,502 (INFO) - django.server "GET /static/admindek/css/plugins/responsive.bootstrap5.min.css HTTP/1.1" 304 0
2026-06-01 12:25:39,504 (INFO) - django.server "GET /static/admindek/css/style.css HTTP/1.1" 304 0
2026-06-01 12:25:39,634 (INFO) - django.server "GET /static/admindek/js/plugins/simplebar.min.js HTTP/1.1" 304 0
2026-06-01 12:25:39,637 (INFO) - django.server "GET /static/admindek/js/plugins/bootstrap.min.js HTTP/1.1" 304 0
2026-06-01 12:25:39,639 (INFO) - django.server "GET /static/admindek/js/script.js HTTP/1.1" 304 0
2026-06-01 12:25:39,642 (INFO) - django.server "GET /static/admindek/js/plugins/popper.min.js HTTP/1.1" 304 0
2026-06-01 12:25:39,741 (INFO) - django.server "GET /static/admindek/js/plugins/dataTables.min.js HTTP/1.1" 304 0
2026-06-01 12:25:39,770 (INFO) - django.server "GET /static/admindek/js/plugins/dataTables.buttons.min.js HTTP/1.1" 304 0
2026-06-01 12:25:39,773 (INFO) - django.server "GET /static/admindek/js/theme.js HTTP/1.1" 304 0
2026-06-01 12:25:39,742 (INFO) - django.server "GET /static/admindek/js/plugins/dataTables.bootstrap5.min.js HTTP/1.1" 304 0
2026-06-01 12:25:39,855 (INFO) - django.server "GET /static/admindek/js/plugins/buttons.html5.min.js HTTP/1.1" 304 0
2026-06-01 12:25:39,856 (INFO) - django.server "GET /static/admindek/js/plugins/dataTables.responsive.min.js HTTP/1.1" 304 0
2026-06-01 12:25:39,858 (INFO) - django.server "GET /static/admindek/css/plugins/fonts/tabler-icons__2f81654524f0.woff2 HTTP/1.1" 304 0
2026-06-01 12:25:39,859 (INFO) - django.server "GET /static/admindek/js/plugins/buttons.print.min.js HTTP/1.1" 304 0
2026-06-01 12:25:39,871 (INFO) - django.server "GET /static/admindek/css/plugins/Phosphor.woff2 HTTP/1.1" 304 0
2026-06-01 12:25:39,872 (INFO) - django.server "GET /static/admindek/js/plugins/buttons.bootstrap5.min.js HTTP/1.1" 304 0
2026-06-01 12:25:39,927 (INFO) - django.server "GET /static/admindek/js/plugins/dataTables.fixedHeader.min.js HTTP/1.1" 304 0
2026-06-01 12:25:39,928 (INFO) - django.server "GET /static/admindek/js/plugins/responsive.bootstrap5.min.js HTTP/1.1" 304 0
2026-06-01 12:25:39,939 (WARNING) - django.server "GET /media/student_photos/default.jpg HTTP/1.1" 404 44701
2026-06-01 12:25:39,941 (INFO) - django.server "GET /static/admindek/js/plugins/jszip.min.js HTTP/1.1" 304 0
2026-06-01 12:25:39,940 (INFO) - django.server "GET /static/admindek/js/plugins/pdfmake.min.js HTTP/1.1" 304 0
2026-06-01 12:25:39,951 (WARNING) - django.server "GET /media/logo/download_J1M9Yai.png HTTP/1.1" 404 44697
2026-06-01 12:25:40,024 (INFO) - django.server "GET /static/admindek/js/plugins/vfs_fonts.js HTTP/1.1" 304 0
2026-06-01 12:25:40,057 (INFO) - django.server "GET /static/admindek/js/plugins/apexcharts.min.js HTTP/1.1" 304 0
2026-06-01 12:25:40,290 (WARNING) - django.server "GET /media/student_photos/Basuulira_Ajmal_Fawzan.jpg HTTP/1.1" 404 44761
2026-06-01 12:25:40,328 (WARNING) - django.server "GET /media/student_photos/Babirye_Zubedah_Kg.2.jpg HTTP/1.1" 404 44753
2026-06-01 12:25:46,149 (INFO) - django.server "GET /index/ HTTP/1.1" 200 46763
2026-06-01 12:25:46,410 (WARNING) - django.server "GET /media/logo/download_J1M9Yai.png HTTP/1.1" 404 44697
2026-06-01 12:25:53,062 (INFO) - django.server "GET /dashboard/overview/ HTTP/1.1" 200 34152
2026-06-01 12:25:53,275 (WARNING) - django.server "GET /media/logo/download_J1M9Yai.png HTTP/1.1" 404 44697
2026-06-01 12:26:00,785 (INFO) - django.server "GET /dashboard/reports/ HTTP/1.1" 200 286006
2026-06-01 12:26:00,975 (WARNING) - django.server "GET /media/logo/download_J1M9Yai.png HTTP/1.1" 404 44697
2026-06-01 12:26:09,784 (INFO) - django.server "GET /dashboard/reports/?term=4 HTTP/1.1" 200 368366
2026-06-01 12:26:10,014 (WARNING) - django.server "GET /media/logo/download_J1M9Yai.png HTTP/1.1" 404 44697
2026-06-01 12:26:22,822 (INFO) - django.server "GET /index/ HTTP/1.1" 200 46763
2026-06-01 12:26:23,010 (WARNING) - django.server "GET /media/logo/download_J1M9Yai.png HTTP/1.1" 404 44697
2026-06-01 12:26:26,447 (INFO) - django.server "GET /timetable-center/ HTTP/1.1" 200 32895
2026-06-01 12:26:26,703 (WARNING) - django.server "GET /media/logo/download_J1M9Yai.png HTTP/1.1" 404 44697
2026-06-01 12:26:35,952 (INFO) - django.server "GET /timetable-center/?academic_year=2&term=6&class_stream_id=100 HTTP/1.1" 200 141097
2026-06-01 12:26:36,148 (WARNING) - django.server "GET /media/logo/download_J1M9Yai.png HTTP/1.1" 404 44697
2026-06-01 12:26:38,794 (INFO) - django.server "GET /timetable-center/?academic_year=2&term=4&class_stream_id=100 HTTP/1.1" 200 141097
2026-06-01 12:26:38,940 (WARNING) - django.server "GET /media/logo/download_J1M9Yai.png HTTP/1.1" 404 44697
2026-06-01 12:26:52,875 (INFO) - django.server "GET /students/ HTTP/1.1" 200 144543
2026-06-01 12:26:53,046 (WARNING) - django.server "GET /media/logo/download_J1M9Yai.png HTTP/1.1" 404 44697
2026-06-01 12:26:53,290 (WARNING) - django.server "GET /media/student_photos/default.jpg HTTP/1.1" 404 44701
2026-06-01 12:26:53,328 (WARNING) - django.server "GET /media/student_photos/Basuulira_Ajmal_Fawzan.jpg HTTP/1.1" 404 44761
2026-06-01 12:26:53,343 (WARNING) - django.server "GET /media/student_photos/Babirye_Zubedah_Kg.2.jpg HTTP/1.1" 404 44753
2026-06-01 12:27:22,755 (INFO) - django.server "GET /users/3/ HTTP/1.1" 200 34731
2026-06-01 12:27:22,946 (WARNING) - django.server "GET /media/logo/download_J1M9Yai.png HTTP/1.1" 404 44697
2026-06-01 12:27:28,526 (INFO) - django.server "GET /settings/ HTTP/1.1" 200 92739
2026-06-01 12:27:28,731 (INFO) - django.server "GET /media/signatures/HM_SIGNATURE.png HTTP/1.1" 200 98718
2026-06-01 12:27:28,755 (WARNING) - django.server "GET /media/logo/download_J1M9Yai.png HTTP/1.1" 404 44697
2026-06-01 12:27:29,289 (INFO) - django.server "GET /settings/ HTTP/1.1" 200 92739
2026-06-01 12:27:41,946 (INFO) - django.server "GET /password_change/ HTTP/1.1" 200 4100
2026-06-01 12:28:00,275 (INFO) - django.server "POST /switch-role/ HTTP/1.1" 302 0
2026-06-01 12:28:00,845 (INFO) - django.server "GET /index/ HTTP/1.1" 200 26525
2026-06-01 12:28:01,110 (WARNING) - django.server "GET /media/logo/download_J1M9Yai.png HTTP/1.1" 404 44697
2026-06-01 12:28:18,987 (INFO) - django.server "GET /student_bill/ HTTP/1.1" 200 87878
2026-06-01 12:28:19,094 (INFO) - django.server "GET /static/css/compat.css HTTP/1.1" 304 0
2026-06-01 12:28:19,123 (WARNING) - django.server "GET /media/logo/download_J1M9Yai.png HTTP/1.1" 404 44697
2026-06-01 12:28:24,092 (INFO) - django.server "GET /student_bill_details/1960/ HTTP/1.1" 200 68764
2026-06-01 12:28:24,262 (WARNING) - django.server "GET /media/logo/download_J1M9Yai.png HTTP/1.1" 404 44697
2026-06-01 12:28:24,262 (WARNING) - django.server "GET /media/student_photos/default.jpg HTTP/1.1" 404 44701
2026-06-01 12:30:19,786 (INFO) - django.server "GET /student_bill/ HTTP/1.1" 200 88072
2026-06-01 12:30:20,010 (INFO) - django.server "GET /static/admindek/css/plugins/phosphor-icons.css HTTP/1.1" 304 0
2026-06-01 12:30:20,023 (INFO) - django.server "GET /static/admindek/css/plugins/tabler-icons.min.css HTTP/1.1" 304 0
2026-06-01 12:30:20,030 (INFO) - django.server "GET /static/admindek/css/plugins/dataTables.bootstrap5.min.css HTTP/1.1" 304 0
2026-06-01 12:30:20,034 (INFO) - django.server "GET /static/admindek/css/style-preset.css HTTP/1.1" 304 0
2026-06-01 12:30:20,039 (INFO) - django.server "GET /static/admindek/css/plugins/buttons.bootstrap5.min.css HTTP/1.1" 304 0
2026-06-01 12:30:20,043 (INFO) - django.server "GET /static/admindek/css/plugins/responsive.bootstrap5.min.css HTTP/1.1" 304 0
2026-06-01 12:30:20,048 (INFO) - django.server "GET /static/admindek/css/style.css HTTP/1.1" 304 0
2026-06-01 12:30:20,160 (INFO) - django.server "GET /static/admindek/js/plugins/bootstrap.min.js HTTP/1.1" 304 0
2026-06-01 12:30:20,160 (INFO) - django.server "GET /static/admindek/js/plugins/popper.min.js HTTP/1.1" 304 0
2026-06-01 12:30:20,161 (INFO) - django.server "GET /static/admindek/js/plugins/simplebar.min.js HTTP/1.1" 304 0
2026-06-01 12:30:20,240 (INFO) - django.server "GET /static/admindek/js/script.js HTTP/1.1" 304 0
2026-06-01 12:30:20,241 (INFO) - django.server "GET /static/admindek/js/plugins/dataTables.min.js HTTP/1.1" 304 0
2026-06-01 12:30:20,245 (INFO) - django.server "GET /static/admindek/js/theme.js HTTP/1.1" 304 0
2026-06-01 12:30:20,253 (INFO) - django.server "GET /static/admindek/js/plugins/dataTables.bootstrap5.min.js HTTP/1.1" 304 0
2026-06-01 12:30:20,261 (WARNING) - django.server "GET /media/logo/download_J1M9Yai.png HTTP/1.1" 404 44697
2026-06-01 12:30:20,273 (INFO) - django.server "GET /static/admindek/js/plugins/dataTables.buttons.min.js HTTP/1.1" 304 0
2026-06-01 12:30:20,290 (INFO) - django.server "GET /static/admindek/js/plugins/buttons.bootstrap5.min.js HTTP/1.1" 304 0
2026-06-01 12:30:20,293 (INFO) - django.server "GET /static/admindek/js/plugins/dataTables.responsive.min.js HTTP/1.1" 304 0
2026-06-01 12:30:20,293 (INFO) - django.server "GET /static/admindek/js/plugins/buttons.print.min.js HTTP/1.1" 304 0
2026-06-01 12:30:20,296 (INFO) - django.server "GET /static/admindek/js/plugins/buttons.html5.min.js HTTP/1.1" 304 0
2026-06-01 12:30:20,334 (INFO) - django.server "GET /static/admindek/js/plugins/dataTables.fixedHeader.min.js HTTP/1.1" 304 0
2026-06-01 12:30:20,337 (INFO) - django.server "GET /static/admindek/js/plugins/jszip.min.js HTTP/1.1" 304 0
2026-06-01 12:30:20,340 (INFO) - django.server "GET /static/admindek/js/plugins/responsive.bootstrap5.min.js HTTP/1.1" 304 0
2026-06-01 12:30:20,361 (INFO) - django.server "GET /static/admindek/js/plugins/pdfmake.min.js HTTP/1.1" 304 0
2026-06-01 12:30:20,361 (INFO) - django.server "GET /static/admindek/js/plugins/vfs_fonts.js HTTP/1.1" 304 0
2026-06-01 12:30:20,363 (INFO) - django.server "GET /static/admindek/js/plugins/apexcharts.min.js HTTP/1.1" 304 0
2026-06-01 12:30:20,510 (INFO) - django.server "GET /static/admindek/css/plugins/Phosphor.woff2 HTTP/1.1" 304 0
2026-06-01 12:30:20,529 (INFO) - django.server "GET /static/admindek/css/plugins/fonts/tabler-icons__2f81654524f0.woff2 HTTP/1.1" 304 0
2026-06-01 12:30:26,294 (INFO) - django.server "GET /logout/ HTTP/1.1" 302 0
2026-06-01 12:30:26,343 (INFO) - django.server "GET / HTTP/1.1" 200 5064
2026-06-01 12:30:26,551 (WARNING) - django.server "GET /media/logo/download_J1M9Yai.png HTTP/1.1" 404 44697
2026-06-01 12:30:56,348 (INFO) - django.server "POST / HTTP/1.1" 302 0
2026-06-01 12:30:57,106 (INFO) - django.server "GET /index/ HTTP/1.1" 200 46924
2026-06-01 12:30:57,544 (INFO) - django.server "GET /media/Staff/Profile_pics/download_3.jpeg HTTP/1.1" 200 4943
2026-06-01 12:30:57,558 (WARNING) - django.server "GET /media/logo/download_J1M9Yai.png HTTP/1.1" 404 44697
2026-06-01 12:31:12,402 (INFO) - django.server "GET /attendance/class-report/ HTTP/1.1" 200 35832
2026-06-01 12:31:12,549 (INFO) - django.server "GET /static/css/compat.css HTTP/1.1" 304 0
2026-06-01 12:31:12,689 (WARNING) - django.server "GET /media/logo/download_J1M9Yai.png HTTP/1.1" 404 44697
2026-06-01 12:31:16,995 (INFO) - django.server "GET /attendance/class-report/?class_stream=19&subject=&date_from=2026-06-01&date_to=2026-06-01 HTTP/1.1" 200 52535
2026-06-01 12:31:17,195 (WARNING) - django.server "GET /media/logo/download_J1M9Yai.png HTTP/1.1" 404 44697
2026-06-01 12:31:27,019 (INFO) - django.server "GET /attendance/class-report/?class_stream=19&subject=1&date_from=2026-06-01&date_to=2026-06-01 HTTP/1.1" 200 52543
2026-06-01 12:31:27,195 (WARNING) - django.server "GET /media/logo/download_J1M9Yai.png HTTP/1.1" 404 44697
2026-06-01 12:31:37,335 (INFO) - django.server "GET /attendance/analysis/ HTTP/1.1" 200 35261
2026-06-01 12:31:37,515 (WARNING) - django.server "GET /media/logo/download_J1M9Yai.png HTTP/1.1" 404 44697
2026-06-01 12:31:59,263 (INFO) - django.server "GET /staffs/ HTTP/1.1" 200 154705
2026-06-01 12:31:59,596 (WARNING) - django.server "GET /media/logo/download_J1M9Yai.png HTTP/1.1" 404 44697
2026-06-01 12:31:59,714 (WARNING) - django.server "GET /media/Staff/Profile_pics/photo.jpeg HTTP/1.1" 404 44713
2026-06-01 12:31:59,760 (INFO) - django.server "GET /media/Staff/Profile_pics/shifah.jpeg HTTP/1.1" 200 33138
2026-06-01 12:31:59,774 (INFO) - django.server "GET /media/Staff/Profile_pics/peter.jpeg HTTP/1.1" 200 223553
2026-06-01 12:31:59,794 (INFO) - django.server "GET /media/Staff/Profile_pics/cocas.jpeg HTTP/1.1" 200 100878
2026-06-01 12:31:59,839 (INFO) - django.server "GET /media/Staff/Profile_pics/WhatsApp_Image_2025-11-21_at_12.35.36.jpeg HTTP/1.1" 200 75202
2026-06-01 12:31:59,871 (WARNING) - django.server "GET /media/Staff/Profile_pics/uwaisu.jpeg HTTP/1.1" 404 44717
2026-06-01 12:31:59,958 (INFO) - django.server "GET /media/Staff/Profile_pics/mut.jpg HTTP/1.1" 200 157399
2026-06-01 12:31:59,961 (INFO) - django.server "GET /media/Staff/Profile_pics/SIRAJE.jpg HTTP/1.1" 200 185195
2026-06-01 12:31:59,964 (INFO) - django.server "GET /media/Staff/Profile_pics/BATTE.jpg HTTP/1.1" 200 106904
2026-06-01 12:31:59,987 (INFO) - django.server "GET /media/Staff/Profile_pics/file.jpg HTTP/1.1" 200 11979
2026-06-01 12:32:00,039 (INFO) - django.server "GET /media/Staff/Profile_pics/mus.jpg HTTP/1.1" 200 12035
2026-06-01 12:32:00,055 (INFO) - django.server "GET /media/Staff/Profile_pics/jan.jpg HTTP/1.1" 200 53010
2026-06-01 12:32:00,276 (INFO) - django.server "GET /media/Staff/Profile_pics/MA.jpg HTTP/1.1" 200 151072
2026-06-01 12:32:00,278 (INFO) - django.server "GET /media/Staff/Profile_pics/hani.jpg HTTP/1.1" 200 142216
2026-06-01 12:32:00,280 (INFO) - django.server "GET /media/Staff/Profile_pics/AIDA.jpg HTTP/1.1" 200 200224
2026-06-01 12:32:00,287 (INFO) - django.server "GET /media/Staff/Profile_pics/maria.jpg HTTP/1.1" 200 245876
2026-06-01 12:32:00,312 (INFO) - django.server "GET /media/Staff/Profile_pics/bush.jpg HTTP/1.1" 200 98474
2026-06-01 12:32:00,313 (INFO) - django.server "GET /media/Staff/Profile_pics/rt.jpg HTTP/1.1" 200 95873
2026-06-01 12:32:00,426 (INFO) - django.server "GET /media/Staff/Profile_pics/BASH.jpg HTTP/1.1" 200 29916
2026-06-01 12:32:00,462 (INFO) - django.server "GET /media/Staff/Profile_pics/HUHU.jpg HTTP/1.1" 200 48876
2026-06-01 12:32:00,497 (INFO) - django.server "GET /media/Staff/Profile_pics/UMA.jpg HTTP/1.1" 200 54715
2026-06-01 12:32:00,501 (INFO) - django.server "GET /media/Staff/Profile_pics/mhd.JPG HTTP/1.1" 200 582284
2026-06-01 12:32:00,504 (INFO) - django.server "GET /media/Staff/Profile_pics/1cc50340-f490-4fda-b448-e958441e3628.jpg HTTP/1.1" 200 72624
2026-06-01 12:32:00,510 (INFO) - django.server "GET /media/Staff/Profile_pics/ibra.jpg HTTP/1.1" 200 10425
2026-06-01 12:32:00,538 (INFO) - django.server "GET /media/Staff/Profile_pics/DEEDD.jpg HTTP/1.1" 200 87944
2026-06-01 12:32:00,660 (INFO) - django.server "GET /media/Staff/Profile_pics/SWAL.jpg HTTP/1.1" 200 100464
2026-06-01 12:32:00,660 (INFO) - django.server "GET /media/Staff/Profile_pics/asma.jpg HTTP/1.1" 200 72551
2026-06-01 12:32:00,668 (INFO) - django.server "GET /media/Staff/Profile_pics/HAWA.jpg HTTP/1.1" 200 79549
2026-06-01 12:32:00,671 (INFO) - django.server "GET /media/Staff/Profile_pics/AA_iwthg2u.jpg HTTP/1.1" 200 11719
2026-06-01 12:32:00,679 (INFO) - django.server "GET /media/Staff/Profile_pics/79a2aed1-e07f-42dd-96ae-99ef97e1be1a.jpg HTTP/1.1" 200 180329
2026-06-01 12:32:00,698 (INFO) - django.server "GET /media/Staff/Profile_pics/NTANDA.jpg HTTP/1.1" 200 56356
2026-06-01 12:32:00,768 (INFO) - django.server "GET /media/Staff/Profile_pics/fahd.jpg HTTP/1.1" 200 84553
2026-06-01 12:32:00,831 (INFO) - django.server "GET /media/Staff/Profile_pics/HAA.jpg HTTP/1.1" 200 117463
2026-06-01 12:32:00,832 (INFO) - django.server "GET /media/Staff/Profile_pics/NAMBO.jpg HTTP/1.1" 200 74486
2026-06-01 12:32:00,833 (INFO) - django.server "GET /media/Staff/Profile_pics/neir.jpg HTTP/1.1" 200 130072
2026-06-01 12:32:00,834 (INFO) - django.server "GET /media/Staff/Profile_pics/JOWE.jpg HTTP/1.1" 200 72804
2026-06-01 12:32:00,842 (INFO) - django.server "GET /media/Staff/Profile_pics/yvonne.jpg HTTP/1.1" 200 17252
2026-06-01 12:32:00,869 (INFO) - django.server "GET /media/Staff/Profile_pics/fik.jpg HTTP/1.1" 200 109778
2026-06-01 12:32:00,904 (INFO) - django.server "GET /media/Staff/Profile_pics/nant.jpg HTTP/1.1" 200 36446
2026-06-01 12:32:00,940 (INFO) - django.server "GET /media/Staff/Profile_pics/FAT.jpg HTTP/1.1" 200 161914
2026-06-01 13:41:16,345 (INFO) - django.server "GET / HTTP/1.1" 200 5064
2026-06-01 13:54:50,027 (INFO) - django.server "GET /staffs/ HTTP/1.1" 302 0
2026-06-01 13:54:50,073 (INFO) - django.server "GET /?next=/staffs/ HTTP/1.1" 200 5064
2026-06-01 13:54:50,257 (INFO) - django.server "GET /static/admindek/css/plugins/phosphor-icons.css HTTP/1.1" 304 0
2026-06-01 13:54:50,274 (INFO) - django.server "GET /static/admindek/css/plugins/tabler-icons.min.css HTTP/1.1" 304 0
2026-06-01 13:54:50,276 (INFO) - django.server "GET /static/admindek/css/style.css HTTP/1.1" 304 0
2026-06-01 13:54:50,281 (INFO) - django.server "GET /static/admindek/css/style-preset.css HTTP/1.1" 304 0
2026-06-01 13:54:50,283 (INFO) - django.server "GET /static/admindek/js/plugins/popper.min.js HTTP/1.1" 304 0
2026-06-01 13:54:50,323 (INFO) - django.server "GET /static/admindek/js/plugins/simplebar.min.js HTTP/1.1" 304 0
2026-06-01 13:54:50,338 (INFO) - django.server "GET /static/admindek/js/plugins/bootstrap.min.js HTTP/1.1" 304 0
2026-06-01 13:54:50,340 (INFO) - django.server "GET /static/admindek/js/script.js HTTP/1.1" 304 0
2026-06-01 13:54:50,340 (INFO) - django.server "GET /static/admindek/js/theme.js HTTP/1.1" 304 0
2026-06-01 13:54:50,382 (WARNING) - django.server "GET /media/logo/download_J1M9Yai.png HTTP/1.1" 404 44697
2026-06-01 13:54:50,476 (INFO) - django.server "GET /static/admindek/css/plugins/Phosphor.woff2 HTTP/1.1" 304 0
2026-06-01 13:55:38,410 (INFO) - django.server "GET /?next=/staffs/ HTTP/1.1" 200 5064
2026-06-01 13:55:38,758 (WARNING) - django.server "GET /media/logo/download_J1M9Yai.png HTTP/1.1" 404 44697
2026-06-01 13:58:31,018 (INFO) - django.server "GET /?next=/staffs/ HTTP/1.1" 200 5064
2026-06-01 13:58:31,386 (WARNING) - django.server "GET /media/logo/download_J1M9Yai.png HTTP/1.1" 404 44697
2026-06-01 13:59:32,818 (INFO) - django.server "GET /?next=/staffs/ HTTP/1.1" 200 12352
2026-06-01 13:59:33,182 (WARNING) - django.server "GET /media/logo/download_J1M9Yai.png HTTP/1.1" 404 44697
2026-06-01 14:00:01,663 (INFO) - django.server "POST /?next=/staffs/ HTTP/1.1" 302 0
2026-06-01 14:00:02,313 (INFO) - django.server "GET /index/ HTTP/1.1" 200 46928
2026-06-01 14:00:02,420 (INFO) - django.server "GET /static/admindek/css/plugins/dataTables.bootstrap5.min.css HTTP/1.1" 304 0
2026-06-01 14:00:02,425 (INFO) - django.server "GET /static/admindek/css/plugins/buttons.bootstrap5.min.css HTTP/1.1" 304 0
2026-06-01 14:00:02,428 (INFO) - django.server "GET /static/admindek/css/plugins/responsive.bootstrap5.min.css HTTP/1.1" 304 0
2026-06-01 14:00:02,444 (INFO) - django.server "GET /static/css/compat.css HTTP/1.1" 304 0
2026-06-01 14:00:02,535 (INFO) - django.server "GET /static/admindek/js/plugins/dataTables.min.js HTTP/1.1" 304 0
2026-06-01 14:00:02,544 (INFO) - django.server "GET /static/admindek/js/plugins/dataTables.bootstrap5.min.js HTTP/1.1" 304 0
2026-06-01 14:00:02,555 (INFO) - django.server "GET /static/admindek/js/plugins/dataTables.buttons.min.js HTTP/1.1" 304 0
2026-06-01 14:00:02,556 (INFO) - django.server "GET /static/admindek/js/plugins/buttons.bootstrap5.min.js HTTP/1.1" 304 0
2026-06-01 14:00:02,571 (INFO) - django.server "GET /static/admindek/js/plugins/buttons.print.min.js HTTP/1.1" 304 0
2026-06-01 14:00:02,572 (INFO) - django.server "GET /static/admindek/js/plugins/buttons.html5.min.js HTTP/1.1" 304 0
2026-06-01 14:00:02,573 (INFO) - django.server "GET /static/admindek/js/plugins/dataTables.responsive.min.js HTTP/1.1" 304 0
2026-06-01 14:00:02,583 (INFO) - django.server "GET /media/Staff/Profile_pics/download_3.jpeg HTTP/1.1" 200 4943
2026-06-01 14:00:02,583 (WARNING) - django.server "GET /media/logo/download_J1M9Yai.png HTTP/1.1" 404 44697
2026-06-01 14:00:02,596 (INFO) - django.server "GET /static/admindek/js/plugins/responsive.bootstrap5.min.js HTTP/1.1" 304 0
2026-06-01 14:00:02,600 (INFO) - django.server "GET /static/admindek/js/plugins/jszip.min.js HTTP/1.1" 304 0
2026-06-01 14:00:02,600 (INFO) - django.server "GET /static/admindek/js/plugins/dataTables.fixedHeader.min.js HTTP/1.1" 304 0
2026-06-01 14:00:02,633 (INFO) - django.server "GET /static/admindek/js/plugins/pdfmake.min.js HTTP/1.1" 304 0
2026-06-01 14:00:02,686 (INFO) - django.server "GET /static/admindek/js/plugins/vfs_fonts.js HTTP/1.1" 304 0
2026-06-01 14:00:02,690 (INFO) - django.server "GET /static/admindek/js/plugins/apexcharts.min.js HTTP/1.1" 304 0
2026-06-01 14:00:02,693 (INFO) - django.server "GET /static/admindek/css/plugins/fonts/tabler-icons__2f81654524f0.woff2 HTTP/1.1" 304 0
2026-06-01 14:00:56,992 (INFO) - django.server "GET /index/ HTTP/1.1" 200 46928
2026-06-01 14:00:57,283 (WARNING) - django.server "GET /media/logo/download_J1M9Yai.png HTTP/1.1" 404 44697
2026-06-01 14:05:34,169 (INFO) - django.server "GET /index/ HTTP/1.1" 200 47090
2026-06-01 14:05:34,458 (WARNING) - django.server "GET /media/logo/download_J1M9Yai.png HTTP/1.1" 404 44697
2026-06-01 14:09:56,132 (INFO) - django.server "GET /index/ HTTP/1.1" 200 47323
2026-06-01 14:09:56,373 (INFO) - django.server "GET /static/admindek/css/plugins/phosphor-icons.css HTTP/1.1" 304 0
2026-06-01 14:09:56,395 (INFO) - django.server "GET /static/admindek/css/style.css HTTP/1.1" 304 0
2026-06-01 14:09:56,397 (INFO) - django.server "GET /static/admindek/css/plugins/tabler-icons.min.css HTTP/1.1" 304 0
2026-06-01 14:09:56,444 (INFO) - django.server "GET /static/admindek/css/style-preset.css HTTP/1.1" 304 0
2026-06-01 14:09:56,521 (INFO) - django.server "GET /static/admindek/js/plugins/simplebar.min.js HTTP/1.1" 304 0
2026-06-01 14:09:56,522 (INFO) - django.server "GET /static/admindek/js/plugins/popper.min.js HTTP/1.1" 304 0
2026-06-01 14:09:56,574 (INFO) - django.server "GET /static/admindek/js/plugins/bootstrap.min.js HTTP/1.1" 304 0
2026-06-01 14:09:56,597 (INFO) - django.server "GET /static/admindek/js/theme.js HTTP/1.1" 304 0
2026-06-01 14:09:56,633 (INFO) - django.server "GET /static/admindek/js/script.js HTTP/1.1" 304 0
2026-06-01 14:09:56,704 (WARNING) - django.server "GET /media/logo/download_J1M9Yai.png HTTP/1.1" 404 44697
2026-06-01 14:09:56,847 (INFO) - django.server "GET /static/admindek/css/plugins/Phosphor.woff2 HTTP/1.1" 304 0
2026-06-01 14:10:55,765 (INFO) - django.server "HEAD /static/css/dashboard.css HTTP/1.1" 200 0
2026-06-01 14:13:05,655 (INFO) - django.server "GET /index/ HTTP/1.1" 200 50246
2026-06-01 14:13:05,851 (INFO) - django.server "GET /static/css/compat.css HTTP/1.1" 304 0
2026-06-01 14:13:05,997 (WARNING) - django.server "GET /media/logo/download_J1M9Yai.png HTTP/1.1" 404 44697
2026-06-01 14:28:53,595 (INFO) - django.server "GET /index/ HTTP/1.1" 200 50246
2026-06-01 14:28:53,716 (INFO) - django.server "GET /static/admindek/css/plugins/phosphor-icons.css HTTP/1.1" 304 0
2026-06-01 14:28:53,759 (INFO) - django.server "GET /static/admindek/css/plugins/tabler-icons.min.css HTTP/1.1" 304 0
2026-06-01 14:28:53,762 (INFO) - django.server "GET /static/admindek/css/plugins/dataTables.bootstrap5.min.css HTTP/1.1" 304 0
2026-06-01 14:28:53,776 (INFO) - django.server "GET /static/admindek/css/plugins/buttons.bootstrap5.min.css HTTP/1.1" 304 0
2026-06-01 14:28:53,784 (INFO) - django.server "GET /static/admindek/css/style.css HTTP/1.1" 304 0
2026-06-01 14:28:53,787 (INFO) - django.server "GET /static/admindek/css/plugins/responsive.bootstrap5.min.css HTTP/1.1" 304 0
2026-06-01 14:28:53,791 (INFO) - django.server "GET /static/admindek/css/style-preset.css HTTP/1.1" 304 0
2026-06-01 14:28:53,799 (INFO) - django.server "GET /static/css/compat.css HTTP/1.1" 304 0
2026-06-01 14:28:53,891 (INFO) - django.server "GET /static/admindek/js/plugins/popper.min.js HTTP/1.1" 304 0
2026-06-01 14:28:53,920 (INFO) - django.server "GET /static/admindek/js/plugins/simplebar.min.js HTTP/1.1" 304 0
2026-06-01 14:28:53,936 (INFO) - django.server "GET /static/admindek/js/plugins/bootstrap.min.js HTTP/1.1" 304 0
2026-06-01 14:28:53,946 (INFO) - django.server "GET /static/admindek/js/plugins/dataTables.min.js HTTP/1.1" 304 0
2026-06-01 14:28:53,955 (INFO) - django.server "GET /static/admindek/js/theme.js HTTP/1.1" 304 0
2026-06-01 14:28:53,947 (INFO) - django.server "GET /static/admindek/js/script.js HTTP/1.1" 304 0
2026-06-01 14:28:53,966 (INFO) - django.server "GET /static/admindek/js/plugins/dataTables.bootstrap5.min.js HTTP/1.1" 304 0
2026-06-01 14:28:53,995 (INFO) - django.server "GET /static/admindek/js/plugins/dataTables.buttons.min.js HTTP/1.1" 304 0
2026-06-01 14:28:53,996 (INFO) - django.server "GET /static/admindek/js/plugins/buttons.bootstrap5.min.js HTTP/1.1" 304 0
2026-06-01 14:28:53,997 (WARNING) - django.server "GET /media/logo/download_J1M9Yai.png HTTP/1.1" 404 44697
2026-06-01 14:28:54,012 (INFO) - django.server "GET /static/admindek/js/plugins/buttons.html5.min.js HTTP/1.1" 304 0
2026-06-01 14:28:54,030 (INFO) - django.server "GET /static/admindek/js/plugins/buttons.print.min.js HTTP/1.1" 304 0
2026-06-01 14:28:54,042 (INFO) - django.server "GET /static/admindek/js/plugins/dataTables.responsive.min.js HTTP/1.1" 304 0
2026-06-01 14:28:54,096 (INFO) - django.server "GET /static/admindek/js/plugins/responsive.bootstrap5.min.js HTTP/1.1" 304 0
2026-06-01 14:28:54,116 (INFO) - django.server "GET /static/admindek/js/plugins/jszip.min.js HTTP/1.1" 304 0
2026-06-01 14:28:54,119 (INFO) - django.server "GET /static/admindek/js/plugins/pdfmake.min.js HTTP/1.1" 304 0
2026-06-01 14:28:54,117 (INFO) - django.server "GET /static/admindek/js/plugins/dataTables.fixedHeader.min.js HTTP/1.1" 304 0
2026-06-01 14:28:54,144 (INFO) - django.server "GET /static/admindek/css/plugins/Phosphor.woff2 HTTP/1.1" 304 0
2026-06-01 14:28:54,147 (INFO) - django.server "GET /static/admindek/css/plugins/fonts/tabler-icons__2f81654524f0.woff2 HTTP/1.1" 304 0
2026-06-01 14:28:54,148 (INFO) - django.server "GET /static/admindek/js/plugins/apexcharts.min.js HTTP/1.1" 304 0
2026-06-01 14:28:54,152 (INFO) - django.server "GET /static/admindek/js/plugins/vfs_fonts.js HTTP/1.1" 304 0
2026-06-01 14:29:03,326 (INFO) - django.server "GET /academic_classes/ HTTP/1.1" 200 185724
2026-06-01 14:29:03,600 (WARNING) - django.server "GET /media/logo/download_J1M9Yai.png HTTP/1.1" 404 44697
2026-06-01 14:29:13,192 (INFO) - django.server "GET /academic_class_details/3/ HTTP/1.1" 200 61974
2026-06-01 14:29:13,309 (WARNING) - django.server "GET /media/logo/download_J1M9Yai.png HTTP/1.1" 404 44697
2026-06-01 14:29:27,436 (INFO) - django.server "GET /attendance/analysis/ HTTP/1.1" 200 35423
2026-06-01 14:29:27,577 (WARNING) - django.server "GET /media/logo/download_J1M9Yai.png HTTP/1.1" 404 44697
2026-06-01 14:35:25,720 (INFO) - django.server "GET /attendance/analysis/ HTTP/1.1" 200 35836
2026-06-01 14:35:26,048 (WARNING) - django.server "GET /media/logo/download_J1M9Yai.png HTTP/1.1" 404 44697
2026-06-01 14:40:07,515 (INFO) - django.server "GET /media/logo/download_J1M9Yai.png HTTP/1.1" 200 25985
2026-06-01 14:40:14,186 (INFO) - django.server "GET /attendance/analysis/ HTTP/1.1" 200 35836
2026-06-01 14:40:14,544 (INFO) - django.server "GET /media/logo/download_J1M9Yai.png HTTP/1.1" 200 25985
2026-06-01 14:40:21,745 (INFO) - django.server "GET /index/ HTTP/1.1" 200 50659
2026-06-01 14:40:21,960 (INFO) - django.server "GET /media/logo/download_J1M9Yai.png HTTP/1.1" 304 0
2026-06-01 14:40:35,290 (INFO) - django.server "GET /logout/ HTTP/1.1" 302 0
2026-06-01 14:40:35,328 (INFO) - django.server "GET / HTTP/1.1" 200 12352
2026-06-01 14:40:35,490 (INFO) - django.server "GET /media/logo/download_J1M9Yai.png HTTP/1.1" 304 0
2026-06-01 15:30:43,684 (INFO) - django.server "GET / HTTP/1.1" 200 12352
2026-06-01 15:30:43,895 (INFO) - django.server "GET /media/logo/download_J1M9Yai.png HTTP/1.1" 200 25985
2026-06-01 15:34:52,719 (INFO) - django.server "POST / HTTP/1.1" 302 0
2026-06-01 15:34:57,294 (INFO) - django.server "GET /index/ HTTP/1.1" 200 50659
2026-06-01 15:34:57,474 (INFO) - django.server "GET /static/admindek/css/plugins/phosphor-icons.css HTTP/1.1" 304 0
2026-06-01 15:34:57,485 (INFO) - django.server "GET /static/admindek/css/plugins/tabler-icons.min.css HTTP/1.1" 304 0
2026-06-01 15:34:57,489 (INFO) - django.server "GET /static/admindek/css/plugins/dataTables.bootstrap5.min.css HTTP/1.1" 304 0
2026-06-01 15:34:57,497 (INFO) - django.server "GET /static/css/compat.css HTTP/1.1" 304 0
2026-06-01 15:34:57,500 (INFO) - django.server "GET /static/admindek/css/plugins/buttons.bootstrap5.min.css HTTP/1.1" 304 0
2026-06-01 15:34:57,503 (INFO) - django.server "GET /static/admindek/css/style.css HTTP/1.1" 304 0
2026-06-01 15:34:57,505 (INFO) - django.server "GET /static/admindek/css/style-preset.css HTTP/1.1" 304 0
2026-06-01 15:34:57,505 (INFO) - django.server "GET /static/admindek/css/plugins/responsive.bootstrap5.min.css HTTP/1.1" 304 0
2026-06-01 15:34:57,526 (INFO) - django.server "GET /static/css/custom_overrides.css HTTP/1.1" 304 0
2026-06-01 15:34:57,530 (INFO) - django.server "GET /static/css/dashboard.css HTTP/1.1" 200 14371
2026-06-01 15:34:57,578 (INFO) - django.server "GET /static/admindek/js/plugins/popper.min.js HTTP/1.1" 304 0
2026-06-01 15:34:57,581 (INFO) - django.server "GET /media/Staff/Profile_pics/download_3.jpeg HTTP/1.1" 200 4943
2026-06-01 15:34:57,582 (INFO) - django.server "GET /static/js/dashboard.js HTTP/1.1" 304 0
2026-06-01 15:34:57,606 (INFO) - django.server "GET /static/admindek/js/plugins/simplebar.min.js HTTP/1.1" 304 0
2026-06-01 15:34:57,607 (INFO) - django.server "GET /static/admindek/js/script.js HTTP/1.1" 304 0
2026-06-01 15:34:57,608 (INFO) - django.server "GET /static/admindek/js/plugins/bootstrap.min.js HTTP/1.1" 304 0
2026-06-01 15:34:57,609 (INFO) - django.server "GET /media/logo/download_J1M9Yai.png HTTP/1.1" 200 25985
2026-06-01 15:34:57,614 (INFO) - django.server "GET /static/admindek/js/theme.js HTTP/1.1" 304 0
2026-06-01 15:34:57,634 (INFO) - django.server "GET /static/admindek/js/plugins/dataTables.min.js HTTP/1.1" 304 0
2026-06-01 15:34:57,635 (INFO) - django.server "GET /static/admindek/js/plugins/dataTables.bootstrap5.min.js HTTP/1.1" 304 0
2026-06-01 15:34:57,656 (INFO) - django.server "GET /static/admindek/js/plugins/dataTables.buttons.min.js HTTP/1.1" 304 0
2026-06-01 15:34:57,662 (INFO) - django.server "GET /static/admindek/js/plugins/buttons.bootstrap5.min.js HTTP/1.1" 304 0
2026-06-01 15:34:57,670 (INFO) - django.server "GET /static/admindek/js/plugins/buttons.html5.min.js HTTP/1.1" 304 0
2026-06-01 15:34:57,677 (INFO) - django.server "GET /static/admindek/js/plugins/buttons.print.min.js HTTP/1.1" 304 0
2026-06-01 15:34:57,696 (INFO) - django.server "GET /static/admindek/js/plugins/dataTables.responsive.min.js HTTP/1.1" 304 0
2026-06-01 15:34:57,698 (INFO) - django.server "GET /static/admindek/js/plugins/responsive.bootstrap5.min.js HTTP/1.1" 304 0
2026-06-01 15:34:57,726 (INFO) - django.server "GET /static/admindek/js/plugins/dataTables.fixedHeader.min.js HTTP/1.1" 304 0
2026-06-01 15:34:57,728 (INFO) - django.server "GET /static/admindek/js/plugins/vfs_fonts.js HTTP/1.1" 304 0
2026-06-01 15:34:57,729 (INFO) - django.server "GET /static/admindek/js/plugins/pdfmake.min.js HTTP/1.1" 304 0
2026-06-01 15:34:57,727 (INFO) - django.server "GET /static/admindek/js/plugins/jszip.min.js HTTP/1.1" 304 0
2026-06-01 15:34:57,747 (INFO) - django.server "GET /static/admindek/js/plugins/apexcharts.min.js HTTP/1.1" 304 0
2026-06-01 15:34:57,776 (INFO) - django.server "GET /static/admindek/css/plugins/Phosphor.woff2 HTTP/1.1" 304 0
2026-06-01 15:34:57,800 (INFO) - django.server "GET /static/admindek/css/plugins/fonts/tabler-icons__2f81654524f0.woff2 HTTP/1.1" 304 0
2026-06-01 16:43:58,685 (INFO) - django.utils.autoreload Watching for file changes with StatReloader
2026-06-01 16:44:08,566 (INFO) - django.server "GET / HTTP/1.1" 200 12352
2026-06-01 16:44:08,674 (INFO) - django.server "GET /media/logo/download_J1M9Yai.png HTTP/1.1" 200 25985
2026-06-01 16:44:19,342 (WARNING) - django.server "GET /favicon.ico HTTP/1.1" 404 44428
2026-06-01 16:47:28,848 (INFO) - django.server "GET / HTTP/1.1" 200 12352
2026-06-01 16:47:37,664 (INFO) - django.server "GET / HTTP/1.1" 200 12352
2026-06-01 16:47:38,640 (INFO) - django.server "GET / HTTP/1.1" 200 12352
2026-06-01 16:47:39,547 (INFO) - django.server "GET / HTTP/1.1" 200 12352
2026-06-01 16:48:00,865 (INFO) - django.server "POST / HTTP/1.1" 302 0
2026-06-01 16:48:01,542 (INFO) - django.server "GET /index/ HTTP/1.1" 200 50659
2026-06-01 16:48:01,639 (INFO) - django.server "GET /static/admindek/css/plugins/phosphor-icons.css HTTP/1.1" 304 0
2026-06-01 16:48:01,652 (INFO) - django.server "GET /static/admindek/css/plugins/tabler-icons.min.css HTTP/1.1" 304 0
2026-06-01 16:48:01,663 (INFO) - django.server "GET /static/admindek/css/plugins/dataTables.bootstrap5.min.css HTTP/1.1" 304 0
2026-06-01 16:48:01,673 (INFO) - django.server "GET /static/admindek/css/plugins/responsive.bootstrap5.min.css HTTP/1.1" 304 0
2026-06-01 16:48:01,689 (INFO) - django.server "GET /static/admindek/css/style-preset.css HTTP/1.1" 304 0
2026-06-01 16:48:01,690 (INFO) - django.server "GET /static/css/dashboard.css HTTP/1.1" 304 0
2026-06-01 16:48:01,692 (INFO) - django.server "GET /static/admindek/css/plugins/buttons.bootstrap5.min.css HTTP/1.1" 304 0
2026-06-01 16:48:01,692 (INFO) - django.server "GET /static/css/compat.css HTTP/1.1" 304 0
2026-06-01 16:48:01,690 (INFO) - django.server "GET /static/admindek/css/style.css HTTP/1.1" 304 0
2026-06-01 16:48:01,756 (INFO) - django.server "GET /static/admindek/js/plugins/popper.min.js HTTP/1.1" 304 0
2026-06-01 16:48:01,756 (INFO) - django.server "GET /static/admindek/js/plugins/simplebar.min.js HTTP/1.1" 304 0
2026-06-01 16:48:01,765 (INFO) - django.server "GET /static/admindek/js/plugins/bootstrap.min.js HTTP/1.1" 304 0
2026-06-01 16:48:01,769 (INFO) - django.server "GET /static/admindek/js/script.js HTTP/1.1" 304 0
2026-06-01 16:48:01,776 (INFO) - django.server "GET /static/admindek/js/theme.js HTTP/1.1" 304 0
2026-06-01 16:48:01,784 (INFO) - django.server "GET /static/admindek/js/plugins/dataTables.bootstrap5.min.js HTTP/1.1" 304 0
2026-06-01 16:48:01,784 (INFO) - django.server "GET /static/admindek/js/plugins/dataTables.min.js HTTP/1.1" 304 0
2026-06-01 16:48:01,794 (INFO) - django.server "GET /media/Staff/Profile_pics/download_3.jpeg HTTP/1.1" 200 4943
2026-06-01 16:48:01,803 (INFO) - django.server "GET /static/admindek/js/plugins/dataTables.buttons.min.js HTTP/1.1" 304 0
2026-06-01 16:48:01,809 (INFO) - django.server "GET /static/admindek/js/plugins/buttons.bootstrap5.min.js HTTP/1.1" 304 0
2026-06-01 16:48:01,823 (INFO) - django.server "GET /static/admindek/js/plugins/buttons.print.min.js HTTP/1.1" 304 0
2026-06-01 16:48:01,824 (INFO) - django.server "GET /static/admindek/js/plugins/buttons.html5.min.js HTTP/1.1" 304 0
2026-06-01 16:48:01,829 (INFO) - django.server "GET /static/admindek/js/plugins/dataTables.responsive.min.js HTTP/1.1" 304 0
2026-06-01 16:48:01,851 (INFO) - django.server "GET /static/admindek/js/plugins/responsive.bootstrap5.min.js HTTP/1.1" 304 0
2026-06-01 16:48:01,869 (INFO) - django.server "GET /static/admindek/js/plugins/dataTables.fixedHeader.min.js HTTP/1.1" 304 0
2026-06-01 16:48:01,872 (INFO) - django.server "GET /static/admindek/js/plugins/jszip.min.js HTTP/1.1" 304 0
2026-06-01 16:48:01,898 (INFO) - django.server "GET /static/admindek/js/plugins/pdfmake.min.js HTTP/1.1" 304 0
2026-06-01 16:48:01,915 (INFO) - django.server "GET /static/admindek/js/plugins/vfs_fonts.js HTTP/1.1" 304 0
2026-06-01 16:48:01,917 (INFO) - django.server "GET /static/admindek/js/plugins/apexcharts.min.js HTTP/1.1" 304 0
2026-06-01 16:48:02,120 (INFO) - django.server "GET /static/admindek/css/plugins/fonts/tabler-icons__2f81654524f0.woff2 HTTP/1.1" 304 0
2026-06-01 16:48:02,125 (INFO) - django.server "GET /static/admindek/css/plugins/Phosphor.woff2 HTTP/1.1" 304 0
2026-06-01 16:48:02,842 (INFO) - django.server "GET /media/logo/download_J1M9Yai.png HTTP/1.1" 200 14839
2026-06-01 17:06:34,941 (INFO) - django.server "GET /index/ HTTP/1.1" 200 52224
2026-06-01 17:06:35,255 (INFO) - django.server "GET /static/css/dashboard.css HTTP/1.1" 304 0
2026-06-01 17:06:35,255 (INFO) - django.server "GET /static/css/senior_ui.css HTTP/1.1" 200 19116
2026-06-01 17:06:35,534 (INFO) - django.server "GET /media/logo/download_J1M9Yai.png HTTP/1.1" 304 0
2026-06-01 17:06:35,572 (INFO) - django.server "GET /static/js/senior_ui.js HTTP/1.1" 200 3629
2026-06-01 17:06:48,719 (INFO) - django.server "GET /logout/ HTTP/1.1" 302 0
2026-06-01 17:06:48,753 (INFO) - django.server "GET / HTTP/1.1" 200 16305
2026-06-01 17:06:48,955 (INFO) - django.server "GET /media/logo/download_J1M9Yai.png HTTP/1.1" 200 14839
2026-06-01 17:07:27,582 (INFO) - django.server "POST / HTTP/1.1" 302 0
2026-06-01 17:07:28,362 (INFO) - django.server "GET /index/ HTTP/1.1" 200 52224
2026-06-01 17:07:28,915 (INFO) - django.server "GET /media/logo/download_J1M9Yai.png HTTP/1.1" 200 14839
2026-06-01 17:07:29,022 (INFO) - django.server "GET /media/Staff/Profile_pics/download_3.jpeg HTTP/1.1" 200 4943
2026-06-01 17:07:44,390 (INFO) - django.server "GET /classes/ HTTP/1.1" 200 53875
2026-06-01 17:07:44,573 (INFO) - django.server "GET /static/css/senior_ui.css HTTP/1.1" 304 0
2026-06-01 17:07:44,726 (INFO) - django.server "GET /static/js/senior_ui.js HTTP/1.1" 304 0
2026-06-01 17:07:54,361 (INFO) - django.server "GET /index/ HTTP/1.1" 200 52224
2026-06-01 17:08:00,669 (INFO) - django.server "GET /dashboard/overview/ HTTP/1.1" 200 36486
2026-06-01 17:08:10,248 (INFO) - django.server "GET /academic_classes/ HTTP/1.1" 200 187702
2026-06-01 17:08:21,380 (INFO) - django.server "GET /academic_class_details/41/ HTTP/1.1" 200 77755
2026-06-01 17:09:13,724 (INFO) - django.server "POST /switch-role/ HTTP/1.1" 302 0
2026-06-01 17:09:14,757 (INFO) - django.server "GET /index/ HTTP/1.1" 200 31505
2026-06-01 17:09:15,088 (INFO) - django.server "GET /static/css/senior_ui.css HTTP/1.1" 304 0
2026-06-01 17:09:15,483 (INFO) - django.server "GET /static/js/senior_ui.js HTTP/1.1" 304 0
2026-06-01 17:09:44,007 (INFO) - django.server "GET /index/?term=4 HTTP/1.1" 200 33718
2026-06-01 17:09:44,293 (INFO) - django.server "GET /media/logo/download_J1M9Yai.png HTTP/1.1" 304 0
2026-06-01 17:10:56,682 (INFO) - django.server "GET /add_results/ HTTP/1.1" 200 24791
2026-06-01 17:10:56,938 (INFO) - django.server "GET /static/css/senior_ui.css HTTP/1.1" 304 0
2026-06-01 17:10:57,171 (INFO) - django.server "GET /static/js/senior_ui.js HTTP/1.1" 304 0
2026-06-01 17:11:02,397 (INFO) - django.server "GET /class-student-filter/ HTTP/1.1" 200 35850
2026-06-01 17:11:21,431 (INFO) - django.server "GET /communications/announcements/ HTTP/1.1" 200 27776
2026-06-01 17:11:22,288 (INFO) - django.server "GET /media/logo/download_J1M9Yai.png HTTP/1.1" 200 14839
2026-06-01 17:11:25,015 (INFO) - django.server "GET /logout/ HTTP/1.1" 302 0
2026-06-01 17:11:25,075 (INFO) - django.server "GET / HTTP/1.1" 200 16305
2026-06-01 17:11:25,239 (INFO) - django.server "GET /media/logo/download_J1M9Yai.png HTTP/1.1" 200 14839
2026-06-01 17:11:52,082 (INFO) - django.server "POST / HTTP/1.1" 302 0
2026-06-01 17:11:52,899 (INFO) - django.server "GET /index/ HTTP/1.1" 200 52209
2026-06-01 17:11:53,201 (INFO) - django.server "GET /media/Staff/Profile_pics/download_3.jpeg HTTP/1.1" 200 4943
2026-06-01 17:11:53,203 (INFO) - django.server "GET /media/logo/download_J1M9Yai.png HTTP/1.1" 200 14839
2026-06-01 17:12:47,211 (INFO) - django.server "GET /student_bill/ HTTP/1.1" 200 98051
2026-06-01 17:12:47,535 (INFO) - django.server "GET /static/css/senior_ui.css HTTP/1.1" 304 0
2026-06-01 17:12:47,837 (INFO) - django.server "GET /static/js/senior_ui.js HTTP/1.1" 304 0
2026-06-01 17:13:06,732 (INFO) - django.server "GET /logout/ HTTP/1.1" 302 0
2026-06-01 17:13:06,774 (INFO) - django.server "GET / HTTP/1.1" 200 16305
2026-06-01 17:13:06,945 (INFO) - django.server "GET /media/logo/download_J1M9Yai.png HTTP/1.1" 200 14839
2026-06-01 17:13:17,868 (INFO) - django.server "GET /student_bill/ HTTP/1.1" 302 0
2026-06-01 17:13:17,903 (INFO) - django.server "GET /?next=/student_bill/ HTTP/1.1" 200 16305
2026-06-01 17:13:33,148 (INFO) - django.server "POST /?next=/student_bill/ HTTP/1.1" 302 0
2026-06-01 17:13:33,782 (INFO) - django.server "GET /index/ HTTP/1.1" 200 52219
2026-06-01 17:13:34,095 (INFO) - django.server "GET /media/logo/download_J1M9Yai.png HTTP/1.1" 200 14839
2026-06-01 17:13:34,119 (INFO) - django.server "GET /media/Staff/Profile_pics/download_3.jpeg HTTP/1.1" 200 4943
2026-06-01 17:13:39,216 (INFO) - django.server "GET /index/?term=4 HTTP/1.1" 200 56953
2026-06-01 17:14:05,548 (INFO) - django.server "GET /index/?term=6 HTTP/1.1" 200 52219
2026-06-01 17:14:14,839 (INFO) - django.server "GET /index/?term=4 HTTP/1.1" 200 56953
2026-06-01 17:14:22,569 (INFO) - django.server "GET /index/?term=6 HTTP/1.1" 200 52219
2026-06-01 17:15:11,418 (INFO) - django.server "GET /fees/carry-forward/ HTTP/1.1" 200 80460
2026-06-01 17:15:11,695 (INFO) - django.server "GET /static/css/senior_ui.css HTTP/1.1" 304 0
2026-06-01 17:15:11,906 (INFO) - django.server "GET /static/js/senior_ui.js HTTP/1.1" 304 0
2026-06-01 17:16:09,429 (INFO) - django.server "GET /dashboard/overview/ HTTP/1.1" 200 36486
2026-06-01 17:16:14,201 (INFO) - django.server "GET /index/ HTTP/1.1" 200 52219
2026-06-01 17:24:42,639 (INFO) - django.utils.autoreload /home/wmisaac/Desktop/realb/app/views/fees_view.py changed, reloading.
2026-06-01 17:24:45,473 (INFO) - django.utils.autoreload Watching for file changes with StatReloader
2026-06-01 17:26:09,955 (INFO) - django.server "GET /logout/ HTTP/1.1" 302 0
2026-06-01 17:26:09,986 (INFO) - django.server "GET / HTTP/1.1" 200 17262
2026-06-01 17:26:10,258 (INFO) - django.server "GET /media/logo/download_J1M9Yai.png HTTP/1.1" 200 14839
2026-06-01 17:26:27,247 (INFO) - django.server "POST / HTTP/1.1" 302 0
2026-06-01 17:26:28,451 (INFO) - django.server "GET /index/ HTTP/1.1" 200 52228
2026-06-01 17:26:28,637 (INFO) - django.server "GET /static/admindek/css/plugins/phosphor-icons.css HTTP/1.1" 304 0
2026-06-01 17:26:28,647 (INFO) - django.server "GET /static/admindek/css/plugins/tabler-icons.min.css HTTP/1.1" 304 0
2026-06-01 17:26:28,648 (INFO) - django.server "GET /static/admindek/css/plugins/buttons.bootstrap5.min.css HTTP/1.1" 304 0
2026-06-01 17:26:28,652 (INFO) - django.server "GET /static/css/compat.css HTTP/1.1" 304 0
2026-06-01 17:26:28,653 (INFO) - django.server "GET /static/admindek/css/plugins/dataTables.bootstrap5.min.css HTTP/1.1" 304 0
2026-06-01 17:26:28,656 (INFO) - django.server "GET /static/admindek/css/style.css HTTP/1.1" 304 0
2026-06-01 17:26:28,659 (INFO) - django.server "GET /static/admindek/css/plugins/responsive.bootstrap5.min.css HTTP/1.1" 304 0
2026-06-01 17:26:28,662 (INFO) - django.server "GET /static/admindek/css/style-preset.css HTTP/1.1" 304 0
2026-06-01 17:26:28,664 (INFO) - django.server "GET /static/css/dashboard.css HTTP/1.1" 304 0
2026-06-01 17:26:28,665 (INFO) - django.server "GET /static/css/senior_ui.css HTTP/1.1" 304 0
2026-06-01 17:26:28,736 (INFO) - django.server "GET /static/admindek/js/plugins/popper.min.js HTTP/1.1" 304 0
2026-06-01 17:26:28,749 (INFO) - django.server "GET /static/admindek/js/plugins/simplebar.min.js HTTP/1.1" 304 0
2026-06-01 17:26:28,749 (INFO) - django.server "GET /media/logo/download_J1M9Yai.png HTTP/1.1" 200 14839
2026-06-01 17:26:28,751 (INFO) - django.server "GET /static/admindek/js/script.js HTTP/1.1" 304 0
2026-06-01 17:26:28,754 (INFO) - django.server "GET /static/admindek/js/plugins/bootstrap.min.js HTTP/1.1" 304 0
2026-06-01 17:26:28,763 (INFO) - django.server "GET /static/admindek/js/theme.js HTTP/1.1" 304 0
2026-06-01 17:26:28,764 (INFO) - django.server "GET /media/Staff/Profile_pics/download_3.jpeg HTTP/1.1" 200 4943
2026-06-01 17:26:28,798 (INFO) - django.server "GET /static/admindek/js/plugins/dataTables.min.js HTTP/1.1" 304 0
2026-06-01 17:26:28,839 (INFO) - django.server "GET /static/admindek/js/plugins/dataTables.bootstrap5.min.js HTTP/1.1" 304 0
2026-06-01 17:26:28,841 (INFO) - django.server "GET /static/admindek/js/plugins/dataTables.buttons.min.js HTTP/1.1" 304 0
2026-06-01 17:26:28,843 (INFO) - django.server "GET /static/admindek/js/plugins/buttons.bootstrap5.min.js HTTP/1.1" 304 0
2026-06-01 17:26:28,847 (INFO) - django.server "GET /static/admindek/js/plugins/buttons.html5.min.js HTTP/1.1" 304 0
2026-06-01 17:26:28,853 (INFO) - django.server "GET /static/admindek/js/plugins/buttons.print.min.js HTTP/1.1" 304 0
2026-06-01 17:26:28,911 (INFO) - django.server "GET /static/admindek/js/plugins/dataTables.responsive.min.js HTTP/1.1" 304 0
2026-06-01 17:26:28,917 (INFO) - django.server "GET /static/admindek/js/plugins/pdfmake.min.js HTTP/1.1" 304 0
2026-06-01 17:26:28,918 (INFO) - django.server "GET /static/admindek/js/plugins/responsive.bootstrap5.min.js HTTP/1.1" 304 0
2026-06-01 17:26:28,919 (INFO) - django.server "GET /static/admindek/js/plugins/vfs_fonts.js HTTP/1.1" 304 0
2026-06-01 17:26:28,919 (INFO) - django.server "GET /static/admindek/js/plugins/jszip.min.js HTTP/1.1" 304 0
2026-06-01 17:26:28,920 (INFO) - django.server "GET /static/admindek/js/plugins/dataTables.fixedHeader.min.js HTTP/1.1" 304 0
2026-06-01 17:26:28,946 (INFO) - django.server "GET /static/admindek/js/plugins/apexcharts.min.js HTTP/1.1" 304 0
2026-06-01 17:26:28,953 (INFO) - django.server "GET /static/js/senior_ui.js HTTP/1.1" 304 0
2026-06-01 17:26:28,986 (INFO) - django.server "GET /static/admindek/css/plugins/Phosphor.woff2 HTTP/1.1" 304 0
2026-06-01 17:26:28,990 (INFO) - django.server "GET /static/admindek/css/plugins/fonts/tabler-icons__2f81654524f0.woff2 HTTP/1.1" 304 0
2026-06-01 17:26:39,296 (INFO) - django.server "GET /student_bill/ HTTP/1.1" 200 97980
2026-06-01 17:26:48,158 (INFO) - django.server "GET /fees/carry-forward/ HTTP/1.1" 200 103219
2026-06-01 17:27:11,208 (INFO) - django.server "POST /fees/carry-forward/ HTTP/1.1" 302 0
2026-06-01 17:27:14,021 (INFO) - django.server "GET /fees/carry-forward/?source_term=4&target_term=6&class=&active_only=1 HTTP/1.1" 200 103591
2026-06-01 17:27:35,600 (INFO) - django.server "POST /fees/carry-forward/?source_term=4&target_term=6&class=&active_only=1 HTTP/1.1" 302 0
2026-06-01 17:27:42,801 (INFO) - django.server "GET /fees/carry-forward/?source_term=4&target_term=6&class=&active_only=1 HTTP/1.1" 200 103591
2026-06-01 17:27:54,102 (INFO) - django.server "GET /fees-status/ HTTP/1.1" 200 834388
2026-06-01 17:28:14,668 (INFO) - django.server "GET /student_bill_details/1885/ HTTP/1.1" 200 79697
2026-06-01 17:28:14,892 (WARNING) - django.server "GET /media/student_photos/Kiryowa_Shayaan_Aqmaal_Kg.1.jpg HTTP/1.1" 404 44781
2026-06-01 17:28:45,283 (INFO) - django.server "GET /fees/carry-forward/?source_term=4&target_term=6&class=&active_only=1 HTTP/1.1" 200 103219
2026-06-01 17:29:24,108 (INFO) - django.server "GET /fees-status/ HTTP/1.1" 200 834388
2026-06-01 17:30:00,422 (INFO) - django.server "GET /student-fees-history/1093/ HTTP/1.1" 200 70580
2026-06-01 17:30:00,567 (INFO) - django.server "GET /static/css/senior_ui.css HTTP/1.1" 304 0
2026-06-01 17:30:00,686 (WARNING) - django.server "GET /media/student_photos/default.jpg HTTP/1.1" 404 44701
2026-06-01 17:30:00,775 (INFO) - django.server "GET /static/js/senior_ui.js HTTP/1.1" 304 0
2026-06-01 17:30:08,208 (INFO) - django.server "GET /student-fees-receipt/1093/ HTTP/1.1" 200 2544
2026-06-01 17:30:20,077 (INFO) - django.server "GET /student-fees-receipt/1093/ HTTP/1.1" 200 2544
2026-06-01 17:33:38,896 (INFO) - django.server "GET /logout/ HTTP/1.1" 302 0
2026-06-01 17:33:38,939 (INFO) - django.server "GET / HTTP/1.1" 200 17262
2026-06-01 17:33:39,212 (INFO) - django.server "GET /media/logo/download_J1M9Yai.png HTTP/1.1" 200 14839
2026-06-01 17:34:06,413 (INFO) - django.server "POST / HTTP/1.1" 200 17620
2026-06-01 17:34:19,863 (INFO) - django.server "POST / HTTP/1.1" 302 0
2026-06-01 17:34:20,791 (INFO) - django.server "GET /index/ HTTP/1.1" 200 52217
2026-06-01 17:34:21,019 (INFO) - django.server "GET /static/css/senior_ui.css HTTP/1.1" 304 0
2026-06-01 17:34:21,152 (INFO) - django.server "GET /media/logo/download_J1M9Yai.png HTTP/1.1" 200 14839
2026-06-01 17:34:21,170 (INFO) - django.server "GET /media/Staff/Profile_pics/download_3.jpeg HTTP/1.1" 200 4943
2026-06-01 17:34:21,276 (INFO) - django.server "GET /static/js/senior_ui.js HTTP/1.1" 304 0
2026-06-01 17:34:59,414 (INFO) - django.server "GET /students/ HTTP/1.1" 200 146877
2026-06-01 17:34:59,774 (INFO) - django.server "GET /media/student_photos/IMG-20251020-WA0020.jpg HTTP/1.1" 200 56513
2026-06-01 17:34:59,916 (WARNING) - django.server "GET /media/student_photos/default.jpg HTTP/1.1" 404 44701
2026-06-01 17:34:59,936 (INFO) - django.server "GET /media/student_photos/Aydin_Mousa_Kimuli_Kg.2.jpg HTTP/1.1" 200 35199
2026-06-01 17:34:59,956 (INFO) - django.server "GET /media/student_photos/Akisam_Abdulrahman.jpg HTTP/1.1" 200 67155
2026-06-01 17:34:59,961 (WARNING) - django.server "GET /media/student_photos/Babirye_Zubedah_Kg.2.jpg HTTP/1.1" 404 44753
2026-06-01 17:34:59,971 (INFO) - django.server "GET /media/student_photos/Babirye_Salimah_Kafeer.jpg HTTP/1.1" 200 1630827
2026-06-01 17:35:00,011 (WARNING) - django.server "GET /media/student_photos/Basuulira_Ajmal_Fawzan.jpg HTTP/1.1" 404 44761
2026-06-01 17:35:35,336 (INFO) - django.server "GET /download_student_template/ HTTP/1.1" 200 226
2026-06-01 17:35:46,156 (INFO) - django.server "GET /classes/ HTTP/1.1" 200 53875
2026-06-01 17:36:02,377 (INFO) - django.server "GET /stream/ HTTP/1.1" 200 35450
2026-06-01 17:36:10,191 (INFO) - django.server "GET /subjects/ HTTP/1.1" 200 72141
2026-06-01 17:36:16,128 (INFO) - django.server "GET /subject_allocation/ HTTP/1.1" 200 53778
2026-06-01 17:36:32,577 (INFO) - django.server "GET /subject_allocation/?academic_year=2&term=4&class_stream=99 HTTP/1.1" 200 81967
2026-06-01 17:36:48,909 (INFO) - django.server "GET /academic_classes/ HTTP/1.1" 200 187702
2026-06-01 17:37:29,661 (INFO) - django.server "GET /staffs/ HTTP/1.1" 200 156845
2026-06-01 17:37:29,900 (WARNING) - django.server "GET /media/Staff/Profile_pics/photo.jpeg HTTP/1.1" 404 44713
2026-06-01 17:37:29,982 (WARNING) - django.server "GET /media/Staff/Profile_pics/uwaisu.jpeg HTTP/1.1" 404 44717
2026-06-01 17:37:30,192 (INFO) - django.server "GET /media/Staff/Profile_pics/shifah.jpeg HTTP/1.1" 200 33138
2026-06-01 17:37:30,199 (INFO) - django.server "GET /media/Staff/Profile_pics/peter.jpeg HTTP/1.1" 200 223553
2026-06-01 17:37:30,206 (INFO) - django.server "GET /media/Staff/Profile_pics/cocas.jpeg HTTP/1.1" 200 100878
2026-06-01 17:37:30,211 (INFO) - django.server "GET /media/Staff/Profile_pics/SIRAJE.jpg HTTP/1.1" 200 185195
2026-06-01 17:37:30,215 (INFO) - django.server "GET /media/Staff/Profile_pics/WhatsApp_Image_2025-11-21_at_12.35.36.jpeg HTTP/1.1" 200 75202
2026-06-01 17:37:30,220 (INFO) - django.server "GET /media/Staff/Profile_pics/BATTE.jpg HTTP/1.1" 200 106904
2026-06-01 17:37:30,362 (INFO) - django.server "GET /media/Staff/Profile_pics/mut.jpg HTTP/1.1" 200 157399
2026-06-01 17:37:30,387 (INFO) - django.server "GET /media/Staff/Profile_pics/file.jpg HTTP/1.1" 200 11979
2026-06-01 17:37:30,395 (INFO) - django.server "GET /media/Staff/Profile_pics/mus.jpg HTTP/1.1" 200 12035
2026-06-01 17:37:30,418 (INFO) - django.server "GET /media/Staff/Profile_pics/jan.jpg HTTP/1.1" 200 53010
2026-06-01 17:37:30,425 (INFO) - django.server "GET /media/Staff/Profile_pics/hani.jpg HTTP/1.1" 200 142216
2026-06-01 17:37:30,429 (INFO) - django.server "GET /media/Staff/Profile_pics/MA.jpg HTTP/1.1" 200 151072
2026-06-01 17:37:30,471 (INFO) - django.server "GET /media/Staff/Profile_pics/AIDA.jpg HTTP/1.1" 200 200224
2026-06-01 17:37:30,594 (INFO) - django.server "GET /media/Staff/Profile_pics/maria.jpg HTTP/1.1" 200 245876
2026-06-01 17:37:30,597 (INFO) - django.server "GET /media/Staff/Profile_pics/rt.jpg HTTP/1.1" 200 95873
2026-06-01 17:37:30,600 (INFO) - django.server "GET /media/Staff/Profile_pics/bush.jpg HTTP/1.1" 200 98474
2026-06-01 17:37:30,615 (INFO) - django.server "GET /media/Staff/Profile_pics/HUHU.jpg HTTP/1.1" 200 48876
2026-06-01 17:37:30,616 (INFO) - django.server "GET /media/Staff/Profile_pics/BASH.jpg HTTP/1.1" 200 29916
2026-06-01 17:37:30,631 (INFO) - django.server "GET /media/Staff/Profile_pics/mhd.JPG HTTP/1.1" 200 582284
2026-06-01 17:37:30,793 (INFO) - django.server "GET /media/Staff/Profile_pics/ibra.jpg HTTP/1.1" 200 10425
2026-06-01 17:37:30,795 (INFO) - django.server "GET /media/Staff/Profile_pics/HAWA.jpg HTTP/1.1" 200 79549
2026-06-01 17:37:30,796 (INFO) - django.server "GET /media/Staff/Profile_pics/1cc50340-f490-4fda-b448-e958441e3628.jpg HTTP/1.1" 200 72624
2026-06-01 17:37:30,799 (INFO) - django.server "GET /media/Staff/Profile_pics/DEEDD.jpg HTTP/1.1" 200 87944
2026-06-01 17:37:30,804 (INFO) - django.server "GET /media/Staff/Profile_pics/SWAL.jpg HTTP/1.1" 200 100464
2026-06-01 17:37:30,806 (INFO) - django.server "GET /media/Staff/Profile_pics/UMA.jpg HTTP/1.1" 200 54715
2026-06-01 17:37:30,883 (INFO) - django.server "GET /media/Staff/Profile_pics/asma.jpg HTTP/1.1" 200 72551
2026-06-01 17:37:30,955 (INFO) - django.server "GET /media/Staff/Profile_pics/AA_iwthg2u.jpg HTTP/1.1" 200 11719
2026-06-01 17:37:30,968 (INFO) - django.server "GET /media/Staff/Profile_pics/fahd.jpg HTTP/1.1" 200 84553
2026-06-01 17:37:30,970 (INFO) - django.server "GET /media/Staff/Profile_pics/79a2aed1-e07f-42dd-96ae-99ef97e1be1a.jpg HTTP/1.1" 200 180329
2026-06-01 17:37:30,972 (INFO) - django.server "GET /media/Staff/Profile_pics/NTANDA.jpg HTTP/1.1" 200 56356
2026-06-01 17:37:30,982 (INFO) - django.server "GET /media/Staff/Profile_pics/JOWE.jpg HTTP/1.1" 200 72804
2026-06-01 17:37:30,986 (INFO) - django.server "GET /media/Staff/Profile_pics/HAA.jpg HTTP/1.1" 200 117463
2026-06-01 17:37:31,114 (INFO) - django.server "GET /media/Staff/Profile_pics/neir.jpg HTTP/1.1" 200 130072
2026-06-01 17:37:31,127 (INFO) - django.server "GET /media/Staff/Profile_pics/yvonne.jpg HTTP/1.1" 200 17252
2026-06-01 17:37:31,137 (INFO) - django.server "GET /media/Staff/Profile_pics/nant.jpg HTTP/1.1" 200 36446
2026-06-01 17:37:31,145 (INFO) - django.server "GET /media/Staff/Profile_pics/NAMBO.jpg HTTP/1.1" 200 74486
2026-06-01 17:37:31,148 (INFO) - django.server "GET /media/Staff/Profile_pics/fik.jpg HTTP/1.1" 200 109778
2026-06-01 17:37:31,156 (INFO) - django.server "GET /media/Staff/Profile_pics/FAT.jpg HTTP/1.1" 200 161914
2026-06-01 17:41:28,778 (INFO) - django.utils.autoreload /home/wmisaac/Desktop/realb/app/urls.py changed, reloading.
2026-06-01 17:41:29,744 (INFO) - django.utils.autoreload Watching for file changes with StatReloader
2026-06-01 17:41:32,994 (INFO) - django.utils.autoreload /home/wmisaac/Desktop/realb/app/utils/pdf_utils.py changed, reloading.
2026-06-01 17:41:33,936 (INFO) - django.utils.autoreload Watching for file changes with StatReloader
2026-06-01 17:42:44,492 (INFO) - django.server "GET /staffs/ HTTP/1.1" 200 156845
2026-06-01 17:42:44,755 (INFO) - django.server "GET /static/css/senior_ui.css HTTP/1.1" 304 0
2026-06-01 17:42:44,898 (INFO) - django.server "GET /media/logo/download_J1M9Yai.png HTTP/1.1" 304 0
2026-06-01 17:42:45,071 (INFO) - django.server "GET /static/js/senior_ui.js HTTP/1.1" 304 0
2026-06-01 17:42:45,090 (WARNING) - django.server "GET /media/Staff/Profile_pics/uwaisu.jpeg HTTP/1.1" 404 44935
2026-06-01 17:42:45,097 (WARNING) - django.server "GET /media/Staff/Profile_pics/photo.jpeg HTTP/1.1" 404 44931
2026-06-01 17:42:57,655 (INFO) - django.server "GET /student_bill/ HTTP/1.1" 200 98076
2026-06-01 17:43:13,673 (INFO) - django.server "GET /student_bill/?academic_year=1&term=&class=&search= HTTP/1.1" 200 97057
2026-06-01 17:43:18,592 (INFO) - django.server "GET /student_bill_details/1419/ HTTP/1.1" 200 79225
2026-06-01 17:43:18,753 (WARNING) - django.server "GET /media/student_photos/Kasawuli_Muhammad_Kg.1.jpg HTTP/1.1" 404 44979
2026-06-01 17:43:47,279 (INFO) - django.server "GET /student_bill_details/1268/ HTTP/1.1" 200 91321
2026-06-01 17:43:47,439 (INFO) - django.server "GET /media/student_photos/Mpagi_Rajia_Rahma.jpg HTTP/1.1" 200 1437253
2026-06-01 17:44:11,935 (INFO) - django.server "GET /payment-receipt/1080/ HTTP/1.1" 200 12960
2026-06-01 17:44:28,273 (INFO) - django.server "GET /student_bill_details/1268/ HTTP/1.1" 200 91321
2026-06-01 17:44:31,910 (INFO) - django.server "GET /index/ HTTP/1.1" 200 52217
2026-06-01 18:57:14,800 (INFO) - django.server "GET /logout/ HTTP/1.1" 302 0
2026-06-01 18:57:14,840 (INFO) - django.server "GET / HTTP/1.1" 200 17262
2026-06-01 18:57:15,069 (INFO) - django.server "GET /media/logo/download_J1M9Yai.png HTTP/1.1" 200 14839
2026-06-01 18:57:29,530 (INFO) - django.server "POST / HTTP/1.1" 302 0
2026-06-01 18:57:30,785 (INFO) - django.server "GET /index/ HTTP/1.1" 200 52215
2026-06-01 18:57:30,934 (INFO) - django.server "GET /static/admindek/css/plugins/phosphor-icons.css HTTP/1.1" 304 0
2026-06-01 18:57:30,936 (INFO) - django.server "GET /static/admindek/css/plugins/tabler-icons.min.css HTTP/1.1" 304 0
2026-06-01 18:57:30,938 (INFO) - django.server "GET /static/admindek/css/plugins/dataTables.bootstrap5.min.css HTTP/1.1" 304 0
2026-06-01 18:57:30,944 (INFO) - django.server "GET /static/admindek/css/plugins/buttons.bootstrap5.min.css HTTP/1.1" 304 0
2026-06-01 18:57:30,966 (INFO) - django.server "GET /static/admindek/css/style-preset.css HTTP/1.1" 304 0
2026-06-01 18:57:30,969 (INFO) - django.server "GET /static/admindek/css/plugins/responsive.bootstrap5.min.css HTTP/1.1" 304 0
2026-06-01 18:57:30,970 (INFO) - django.server "GET /static/admindek/css/style.css HTTP/1.1" 304 0
2026-06-01 18:57:30,980 (INFO) - django.server "GET /static/css/senior_ui.css HTTP/1.1" 304 0
2026-06-01 18:57:30,989 (INFO) - django.server "GET /static/css/compat.css HTTP/1.1" 304 0
2026-06-01 18:57:30,994 (INFO) - django.server "GET /static/css/dashboard.css HTTP/1.1" 304 0
2026-06-01 18:57:31,060 (INFO) - django.server "GET /static/admindek/js/plugins/popper.min.js HTTP/1.1" 304 0
2026-06-01 18:57:31,063 (INFO) - django.server "GET /static/admindek/js/plugins/simplebar.min.js HTTP/1.1" 304 0
2026-06-01 18:57:31,074 (INFO) - django.server "GET /media/logo/download_J1M9Yai.png HTTP/1.1" 200 14839
2026-06-01 18:57:31,084 (INFO) - django.server "GET /static/admindek/js/script.js HTTP/1.1" 304 0
2026-06-01 18:57:31,089 (INFO) - django.server "GET /static/admindek/js/plugins/bootstrap.min.js HTTP/1.1" 304 0
2026-06-01 18:57:31,098 (INFO) - django.server "GET /static/admindek/js/theme.js HTTP/1.1" 304 0
2026-06-01 18:57:31,098 (INFO) - django.server "GET /static/admindek/js/plugins/dataTables.min.js HTTP/1.1" 304 0
2026-06-01 18:57:31,098 (INFO) - django.server "GET /media/Staff/Profile_pics/download_3.jpeg HTTP/1.1" 200 4943
2026-06-01 18:57:31,107 (INFO) - django.server "GET /static/admindek/js/plugins/dataTables.bootstrap5.min.js HTTP/1.1" 304 0
2026-06-01 18:57:31,108 (INFO) - django.server "GET /static/admindek/js/plugins/dataTables.buttons.min.js HTTP/1.1" 304 0
2026-06-01 18:57:31,164 (INFO) - django.server "GET /static/admindek/js/plugins/buttons.bootstrap5.min.js HTTP/1.1" 304 0
2026-06-01 18:57:31,165 (INFO) - django.server "GET /static/admindek/js/plugins/buttons.html5.min.js HTTP/1.1" 304 0
2026-06-01 18:57:31,173 (INFO) - django.server "GET /static/admindek/js/plugins/buttons.print.min.js HTTP/1.1" 304 0
2026-06-01 18:57:31,182 (INFO) - django.server "GET /static/admindek/js/plugins/dataTables.responsive.min.js HTTP/1.1" 304 0
2026-06-01 18:57:31,185 (INFO) - django.server "GET /static/admindek/js/plugins/responsive.bootstrap5.min.js HTTP/1.1" 304 0
2026-06-01 18:57:31,221 (INFO) - django.server "GET /static/admindek/js/plugins/jszip.min.js HTTP/1.1" 304 0
2026-06-01 18:57:31,225 (INFO) - django.server "GET /static/admindek/js/plugins/dataTables.fixedHeader.min.js HTTP/1.1" 304 0
2026-06-01 18:57:31,250 (INFO) - django.server "GET /static/admindek/css/plugins/Phosphor.woff2 HTTP/1.1" 304 0
2026-06-01 18:57:31,279 (INFO) - django.server "GET /static/admindek/css/plugins/fonts/tabler-icons__2f81654524f0.woff2 HTTP/1.1" 304 0
2026-06-01 18:57:31,280 (INFO) - django.server "GET /static/admindek/js/plugins/pdfmake.min.js HTTP/1.1" 304 0
2026-06-01 18:57:31,281 (INFO) - django.server "GET /static/admindek/js/plugins/vfs_fonts.js HTTP/1.1" 304 0
2026-06-01 18:57:31,285 (INFO) - django.server "GET /static/admindek/js/plugins/apexcharts.min.js HTTP/1.1" 304 0
2026-06-01 18:57:31,288 (INFO) - django.server "GET /static/js/senior_ui.js HTTP/1.1" 304 0
2026-06-01 18:57:36,855 (INFO) - django.server "GET /students/ HTTP/1.1" 200 146877
2026-06-01 18:57:37,105 (INFO) - django.server "GET /media/student_photos/IMG-20251020-WA0020.jpg HTTP/1.1" 200 56513
2026-06-01 18:57:37,118 (WARNING) - django.server "GET /media/student_photos/default.jpg HTTP/1.1" 404 44919
2026-06-01 18:57:37,330 (INFO) - django.server "GET /media/student_photos/Aydin_Mousa_Kimuli_Kg.2.jpg HTTP/1.1" 200 35199
2026-06-01 18:57:37,347 (INFO) - django.server "GET /media/student_photos/Akisam_Abdulrahman.jpg HTTP/1.1" 200 67155
2026-06-01 18:57:37,447 (INFO) - django.server "GET /media/student_photos/Babirye_Salimah_Kafeer.jpg HTTP/1.1" 200 1630827
2026-06-01 18:57:37,456 (WARNING) - django.server "GET /media/student_photos/Babirye_Zubedah_Kg.2.jpg HTTP/1.1" 404 44971
2026-06-01 18:57:37,468 (WARNING) - django.server "GET /media/student_photos/Basuulira_Ajmal_Fawzan.jpg HTTP/1.1" 404 44979
2026-06-01 19:26:03,673 (INFO) - django.server "GET /logout/ HTTP/1.1" 302 0
2026-06-01 19:26:03,702 (INFO) - django.server "GET / HTTP/1.1" 200 17262
2026-06-01 19:26:03,928 (INFO) - django.server "GET /media/logo/download_J1M9Yai.png HTTP/1.1" 200 14839
2026-06-03 21:04:12,450 (INFO) - django.utils.autoreload Watching for file changes with StatReloader
2026-06-03 21:05:20,426 (INFO) - django.utils.autoreload Watching for file changes with StatReloader
2026-06-03 21:05:54,795 (INFO) - django.server "GET / HTTP/1.1" 200 17262
2026-06-03 21:05:54,892 (INFO) - django.server "GET /media/logo/download_J1M9Yai.png HTTP/1.1" 200 14839
2026-06-03 21:05:55,203 (WARNING) - django.server "GET /favicon.ico HTTP/1.1" 404 44646
2026-06-03 21:14:26,631 (INFO) - django.server "GET / HTTP/1.1" 200 16015
2026-06-03 21:16:00,351 (INFO) - django.server "GET / HTTP/1.1" 200 17557
2026-06-03 21:17:32,727 (INFO) - django.server "GET / HTTP/1.1" 200 17630
2026-06-03 21:18:47,652 (INFO) - django.server "GET / HTTP/1.1" 200 17485
2026-06-03 21:19:05,365 (INFO) - django.server "GET / HTTP/1.1" 200 17485
2026-06-03 21:19:41,802 (INFO) - django.server "GET / HTTP/1.1" 200 17485
2026-06-03 21:20:23,486 (INFO) - django.server "GET / HTTP/1.1" 200 17490
2026-06-03 21:22:37,380 (INFO) - django.server "GET / HTTP/1.1" 200 17213
2026-06-03 21:23:45,149 (INFO) - django.server "GET / HTTP/1.1" 200 17213
2026-06-03 21:23:46,368 (INFO) - django.server "GET / HTTP/1.1" 200 17213
2026-06-03 21:23:47,186 (INFO) - django.server "GET / HTTP/1.1" 200 17213
2026-06-03 21:24:17,210 (INFO) - django.server "GET / HTTP/1.1" 200 17274
2026-06-03 21:25:03,111 (INFO) - django.server "GET / HTTP/1.1" 200 16998
2026-06-03 21:25:12,125 (INFO) - django.server "POST / HTTP/1.1" 200 17368
2026-06-03 21:26:00,452 (INFO) - django.server "POST / HTTP/1.1" 200 17368
2026-06-03 21:26:23,120 (INFO) - django.server "POST / HTTP/1.1" 200 17220
2026-06-03 21:27:11,434 (INFO) - django.server "POST / HTTP/1.1" 200 17368
2026-06-03 21:28:26,355 (INFO) - django.server "POST / HTTP/1.1" 302 0
2026-06-03 21:28:27,254 (INFO) - django.server "GET /index/ HTTP/1.1" 200 52195
2026-06-03 21:28:27,339 (INFO) - django.server "GET /static/admindek/css/plugins/phosphor-icons.css HTTP/1.1" 200 82750
2026-06-03 21:28:27,375 (INFO) - django.server "GET /static/admindek/css/plugins/responsive.bootstrap5.min.css HTTP/1.1" 200 6045
2026-06-03 21:28:27,376 (INFO) - django.server "GET /static/admindek/css/plugins/buttons.bootstrap5.min.css HTTP/1.1" 200 7952
2026-06-03 21:28:27,378 (INFO) - django.server "GET /static/admindek/css/plugins/dataTables.bootstrap5.min.css HTTP/1.1" 200 19708
2026-06-03 21:28:27,395 (INFO) - django.server "GET /static/css/compat.css HTTP/1.1" 200 11653
2026-06-03 21:28:27,395 (INFO) - django.server "GET /static/css/custom_overrides.css HTTP/1.1" 304 0
2026-06-03 21:28:27,396 (INFO) - django.server "GET /static/css/senior_ui.css HTTP/1.1" 200 19116
2026-06-03 21:28:27,397 (INFO) - django.server "GET /static/admindek/css/style-preset.css HTTP/1.1" 200 177283
2026-06-03 21:28:27,398 (INFO) - django.server "GET /static/admindek/css/plugins/tabler-icons.min.css HTTP/1.1" 200 251606
2026-06-03 21:28:27,404 (INFO) - django.server "GET /static/admindek/css/style.css HTTP/1.1" 200 669410
2026-06-03 21:28:27,410 (INFO) - django.server "GET /static/css/dashboard.css HTTP/1.1" 200 14371
2026-06-03 21:28:27,469 (INFO) - django.server "GET /static/js/dashboard.js HTTP/1.1" 304 0
2026-06-03 21:28:27,474 (INFO) - django.server "GET /static/vendors/jquery/dist/jquery.min.js HTTP/1.1" 304 0
2026-06-03 21:28:27,477 (INFO) - django.server "GET /static/admindek/js/plugins/popper.min.js HTTP/1.1" 200 20122
2026-06-03 21:28:27,477 (INFO) - django.server "GET /static/admindek/js/plugins/simplebar.min.js HTTP/1.1" 200 27246
2026-06-03 21:28:27,505 (INFO) - django.server "GET /media/logo/download_J1M9Yai.png HTTP/1.1" 200 14839
2026-06-03 21:28:27,506 (INFO) - django.server "GET /media/Staff/Profile_pics/download_3.jpeg HTTP/1.1" 200 4943
2026-06-03 21:28:27,538 (INFO) - django.server "GET /static/admindek/js/plugins/bootstrap.min.js HTTP/1.1" 200 60539
2026-06-03 21:28:27,540 (INFO) - django.server "GET /static/admindek/js/script.js HTTP/1.1" 200 21063
2026-06-03 21:28:27,541 (INFO) - django.server "GET /static/admindek/js/theme.js HTTP/1.1" 200 21061
2026-06-03 21:28:27,544 (INFO) - django.server "GET /static/admindek/js/plugins/dataTables.min.js HTTP/1.1" 200 97671
2026-06-03 21:28:27,564 (INFO) - django.server "GET /static/admindek/js/plugins/dataTables.buttons.min.js HTTP/1.1" 200 28051
2026-06-03 21:28:27,565 (INFO) - django.server "GET /static/admindek/js/plugins/dataTables.bootstrap5.min.js HTTP/1.1" 200 1450
2026-06-03 21:28:27,596 (INFO) - django.server "GET /static/admindek/js/plugins/buttons.bootstrap5.min.js HTTP/1.1" 200 1665
2026-06-03 21:28:27,598 (INFO) - django.server "GET /static/admindek/js/plugins/buttons.print.min.js HTTP/1.1" 200 2963
2026-06-03 21:28:27,599 (INFO) - django.server "GET /static/admindek/js/plugins/buttons.html5.min.js HTTP/1.1" 200 26006
2026-06-03 21:28:27,601 (INFO) - django.server "GET /static/admindek/js/plugins/dataTables.responsive.min.js HTTP/1.1" 200 16209
2026-06-03 21:28:27,628 (INFO) - django.server "GET /static/admindek/js/plugins/responsive.bootstrap5.min.js HTTP/1.1" 200 1772
2026-06-03 21:28:27,630 (INFO) - django.server "GET /static/admindek/js/plugins/dataTables.fixedHeader.min.js HTTP/1.1" 200 12588
2026-06-03 21:28:27,667 (INFO) - django.server "GET /static/admindek/js/plugins/jszip.min.js HTTP/1.1" 200 97630
2026-06-03 21:28:27,686 (INFO) - django.server "GET /static/admindek/js/plugins/apexcharts.min.js HTTP/1.1" 200 581552
2026-06-03 21:28:27,702 (INFO) - django.server "GET /static/js/senior_ui.js HTTP/1.1" 200 3629
2026-06-03 21:28:27,704 (INFO) - django.server "GET /static/admindek/js/plugins/vfs_fonts.js HTTP/1.1" 200 830090
2026-06-03 21:28:27,720 (INFO) - django.server "GET /static/admindek/js/plugins/pdfmake.min.js HTTP/1.1" 200 1402214
2026-06-03 21:28:27,896 (INFO) - django.server "GET /static/admindek/css/plugins/Phosphor.woff2 HTTP/1.1" 200 147380
2026-06-03 21:28:27,907 (INFO) - django.server "GET /static/admindek/css/plugins/fonts/tabler-icons__2f81654524f0.woff2 HTTP/1.1" 200 831044
2026-06-03 21:33:46,584 (INFO) - django.server "GET /index/ HTTP/1.1" 200 50425
2026-06-03 21:34:01,384 (INFO) - django.server "GET /operations/ HTTP/1.1" 200 29525
2026-06-03 21:36:13,341 (INFO) - django.server "GET /operations/ HTTP/1.1" 200 29525
2026-06-03 21:36:50,058 (INFO) - django.server "GET /operations/ HTTP/1.1" 200 29290
2026-06-03 21:37:46,191 (INFO) - django.server "GET /operations/ HTTP/1.1" 200 29290
2026-06-03 21:43:37,593 (INFO) - django.server "GET /operations/ HTTP/1.1" 200 29290
2026-06-03 21:43:42,376 (INFO) - django.server "GET /index/ HTTP/1.1" 200 50190
2026-06-03 21:43:49,660 (INFO) - django.server "GET /dashboard/overview/ HTTP/1.1" 200 36251
2026-06-03 21:43:54,391 (INFO) - django.server "GET /dashboard/finance/ HTTP/1.1" 200 41848
2026-06-03 21:43:57,484 (INFO) - django.server "GET /dashboard/academics/ HTTP/1.1" 200 39313
2026-06-03 21:43:59,832 (INFO) - django.server "GET /dashboard/attendance/ HTTP/1.1" 200 38704
2026-06-03 21:44:04,856 (INFO) - django.server "GET /dashboard/reports/ HTTP/1.1" 200 288129
2026-06-03 21:48:20,978 (INFO) - django.server "GET /dashboard/reports/ HTTP/1.1" 200 288016
2026-06-03 21:48:26,249 (INFO) - django.server "GET /index/ HTTP/1.1" 200 50077
2026-06-03 21:49:20,631 (INFO) - django.server "GET /index/ HTTP/1.1" 200 50076
2026-06-03 21:49:57,525 (INFO) - django.server "GET /settings/ HTTP/1.1" 200 94724
2026-06-03 21:49:57,608 (INFO) - django.server "GET /media/signatures/HM_SIGNATURE.png HTTP/1.1" 200 98718
2026-06-03 21:49:58,224 (INFO) - django.server "GET /settings/ HTTP/1.1" 200 94724
2026-06-03 21:57:12,942 (INFO) - django.server "GET /index/ HTTP/1.1" 200 50076
2026-06-03 21:57:20,269 (INFO) - django.server "GET /classes/ HTTP/1.1" 200 53526
2026-06-03 21:57:24,095 (INFO) - django.server "GET /stream/ HTTP/1.1" 200 35101
2026-06-03 21:57:26,621 (INFO) - django.server "GET /subjects/ HTTP/1.1" 200 71792
2026-06-03 21:57:43,817 (INFO) - django.server "GET /class/combined-assessments/ HTTP/1.1" 200 44256
2026-06-03 21:58:01,285 (INFO) - django.server "GET /class/combined-assessments/?academic_year_id=2&term_id=6&class_id=6&report_format=standard&assessment_type_ids=4&assessment_type_ids=8 HTTP/1.1" 200 44730
2026-06-03 21:58:06,861 (INFO) - django.server "GET /class/combined-assessments/?academic_year_id=2&term_id=4&class_id=6&report_format=standard&assessment_type_ids=4&assessment_type_ids=8 HTTP/1.1" 200 307829
2026-06-03 21:59:53,707 (INFO) - django.server "GET /student_bill/ HTTP/1.1" 200 97692
2026-06-03 22:00:17,247 (INFO) - django.server "GET /class-bills/ HTTP/1.1" 200 78201
2026-06-03 22:03:36,549 (INFO) - django.server "GET /add_class_bill_item/41/add-bill/ HTTP/1.1" 200 33996
2026-06-03 22:03:42,218 (INFO) - django.server "GET /index/ HTTP/1.1" 200 50076
2026-06-03 22:03:47,448 (INFO) - django.server "GET /classes/ HTTP/1.1" 200 53526
2026-06-03 22:05:24,663 (INFO) - django.server "GET /classes/ HTTP/1.1" 200 53526
2026-06-03 22:05:28,410 (INFO) - django.server "GET /subjects/ HTTP/1.1" 200 71792
2026-06-03 22:06:51,199 (INFO) - django.server "GET /subjects/ HTTP/1.1" 200 71792
2026-06-03 22:07:08,646 (INFO) - django.server "GET /subjects/ HTTP/1.1" 200 71792
2026-06-03 22:07:21,282 (INFO) - django.server "GET /students/ HTTP/1.1" 200 146528
2026-06-03 22:07:21,347 (INFO) - django.server "GET /media/student_photos/IMG-20251020-WA0020.jpg HTTP/1.1" 200 56513
2026-06-03 22:07:21,517 (WARNING) - django.server "GET /media/student_photos/default.jpg HTTP/1.1" 404 44919
2026-06-03 22:07:21,556 (INFO) - django.server "GET /media/student_photos/Aydin_Mousa_Kimuli_Kg.2.jpg HTTP/1.1" 200 35199
2026-06-03 22:07:21,604 (INFO) - django.server "GET /media/student_photos/Akisam_Abdulrahman.jpg HTTP/1.1" 200 67155
2026-06-03 22:07:21,617 (WARNING) - django.server "GET /media/student_photos/Babirye_Zubedah_Kg.2.jpg HTTP/1.1" 404 44971
2026-06-03 22:07:21,621 (INFO) - django.server "GET /media/student_photos/Babirye_Salimah_Kafeer.jpg HTTP/1.1" 200 1630827
2026-06-03 22:07:21,624 (WARNING) - django.server "GET /media/student_photos/Basuulira_Ajmal_Fawzan.jpg HTTP/1.1" 404 44979
2026-06-03 22:07:52,063 (INFO) - django.server "GET /attendance/take/ HTTP/1.1" 200 33384
2026-06-03 22:07:59,325 (INFO) - django.server "GET /attendance/student-report/ HTTP/1.1" 200 61046
2026-06-03 22:08:05,730 (INFO) - django.server "GET /attendance/student-report/?student=1013&date_from=2026-06-01&date_to=2026-06-03 HTTP/1.1" 200 64284
2026-06-03 22:08:12,234 (INFO) - django.server "GET /attendance/class-report/ HTTP/1.1" 200 37623
2026-06-03 22:08:19,240 (INFO) - django.server "GET /staffs/ HTTP/1.1" 200 156496
2026-06-03 22:08:19,397 (WARNING) - django.server "GET /media/Staff/Profile_pics/photo.jpeg HTTP/1.1" 404 44931
2026-06-03 22:08:19,399 (WARNING) - django.server "GET /media/Staff/Profile_pics/uwaisu.jpeg HTTP/1.1" 404 44935
2026-06-03 22:08:19,495 (INFO) - django.server "GET /media/Staff/Profile_pics/peter.jpeg HTTP/1.1" 200 223553
2026-06-03 22:08:19,513 (INFO) - django.server "GET /media/Staff/Profile_pics/cocas.jpeg HTTP/1.1" 200 100878
2026-06-03 22:08:19,513 (INFO) - django.server "GET /media/Staff/Profile_pics/WhatsApp_Image_2025-11-21_at_12.35.36.jpeg HTTP/1.1" 200 75202
2026-06-03 22:08:19,526 (INFO) - django.server "GET /media/Staff/Profile_pics/shifah.jpeg HTTP/1.1" 200 33138
2026-06-03 22:08:19,606 (INFO) - django.server "GET /media/Staff/Profile_pics/mut.jpg HTTP/1.1" 200 157399
2026-06-03 22:08:19,667 (INFO) - django.server "GET /media/Staff/Profile_pics/SIRAJE.jpg HTTP/1.1" 200 185195
2026-06-03 22:08:19,721 (INFO) - django.server "GET /media/Staff/Profile_pics/BATTE.jpg HTTP/1.1" 200 106904
2026-06-03 22:08:19,723 (INFO) - django.server "GET /media/Staff/Profile_pics/file.jpg HTTP/1.1" 200 11979
2026-06-03 22:08:19,728 (INFO) - django.server "GET /media/Staff/Profile_pics/mus.jpg HTTP/1.1" 200 12035
2026-06-03 22:08:19,806 (INFO) - django.server "GET /media/Staff/Profile_pics/jan.jpg HTTP/1.1" 200 53010
2026-06-03 22:08:19,824 (INFO) - django.server "GET /media/Staff/Profile_pics/hani.jpg HTTP/1.1" 200 142216
2026-06-03 22:08:19,881 (INFO) - django.server "GET /media/Staff/Profile_pics/MA.jpg HTTP/1.1" 200 151072
2026-06-03 22:08:19,944 (INFO) - django.server "GET /media/Staff/Profile_pics/maria.jpg HTTP/1.1" 200 245876
2026-06-03 22:08:19,972 (INFO) - django.server "GET /media/Staff/Profile_pics/AIDA.jpg HTTP/1.1" 200 200224
2026-06-03 22:08:19,989 (INFO) - django.server "GET /media/Staff/Profile_pics/rt.jpg HTTP/1.1" 200 95873
2026-06-03 22:08:20,012 (INFO) - django.server "GET /media/Staff/Profile_pics/bush.jpg HTTP/1.1" 200 98474
2026-06-03 22:08:20,047 (INFO) - django.server "GET /media/Staff/Profile_pics/BASH.jpg HTTP/1.1" 200 29916
2026-06-03 22:08:20,064 (INFO) - django.server "GET /media/Staff/Profile_pics/HUHU.jpg HTTP/1.1" 200 48876
2026-06-03 22:08:20,142 (INFO) - django.server "GET /media/Staff/Profile_pics/UMA.jpg HTTP/1.1" 200 54715
2026-06-03 22:08:20,144 (INFO) - django.server "GET /media/Staff/Profile_pics/1cc50340-f490-4fda-b448-e958441e3628.jpg HTTP/1.1" 200 72624
2026-06-03 22:08:20,151 (INFO) - django.server "GET /media/Staff/Profile_pics/ibra.jpg HTTP/1.1" 200 10425
2026-06-03 22:08:20,171 (INFO) - django.server "GET /media/Staff/Profile_pics/mhd.JPG HTTP/1.1" 200 582284
2026-06-03 22:08:20,172 (INFO) - django.server "GET /media/Staff/Profile_pics/DEEDD.jpg HTTP/1.1" 200 87944
2026-06-03 22:08:20,175 (INFO) - django.server "GET /media/Staff/Profile_pics/SWAL.jpg HTTP/1.1" 200 100464
2026-06-03 22:08:20,271 (INFO) - django.server "GET /media/Staff/Profile_pics/AA_iwthg2u.jpg HTTP/1.1" 200 11719
2026-06-03 22:08:20,277 (INFO) - django.server "GET /media/Staff/Profile_pics/NTANDA.jpg HTTP/1.1" 200 56356
2026-06-03 22:08:20,278 (INFO) - django.server "GET /media/Staff/Profile_pics/asma.jpg HTTP/1.1" 200 72551
2026-06-03 22:08:20,279 (INFO) - django.server "GET /media/Staff/Profile_pics/HAWA.jpg HTTP/1.1" 200 79549
2026-06-03 22:08:20,282 (INFO) - django.server "GET /media/Staff/Profile_pics/fahd.jpg HTTP/1.1" 200 84553
2026-06-03 22:08:20,282 (INFO) - django.server "GET /media/Staff/Profile_pics/79a2aed1-e07f-42dd-96ae-99ef97e1be1a.jpg HTTP/1.1" 200 180329
2026-06-03 22:08:20,395 (INFO) - django.server "GET /media/Staff/Profile_pics/neir.jpg HTTP/1.1" 200 130072
2026-06-03 22:08:20,396 (INFO) - django.server "GET /media/Staff/Profile_pics/JOWE.jpg HTTP/1.1" 200 72804
2026-06-03 22:08:20,396 (INFO) - django.server "GET /media/Staff/Profile_pics/yvonne.jpg HTTP/1.1" 200 17252
2026-06-03 22:08:20,404 (INFO) - django.server "GET /media/Staff/Profile_pics/NAMBO.jpg HTTP/1.1" 200 74486
2026-06-03 22:08:20,406 (INFO) - django.server "GET /media/Staff/Profile_pics/HAA.jpg HTTP/1.1" 200 117463
2026-06-03 22:08:20,408 (INFO) - django.server "GET /media/Staff/Profile_pics/fik.jpg HTTP/1.1" 200 109778
2026-06-03 22:08:20,450 (INFO) - django.server "GET /media/Staff/Profile_pics/nant.jpg HTTP/1.1" 200 36446
2026-06-03 22:08:20,463 (INFO) - django.server "GET /media/Staff/Profile_pics/FAT.jpg HTTP/1.1" 200 161914
2026-06-03 22:08:27,247 (INFO) - django.server "GET /users/ HTTP/1.1" 200 95983
2026-06-03 22:08:27,391 (WARNING) - django.server "GET /media/Staff/Profile_pics/photo.jpeg HTTP/1.1" 404 44931
2026-06-03 22:08:27,398 (WARNING) - django.server "GET /media/Staff/Profile_pics/uwaisu.jpeg HTTP/1.1" 404 44935
2026-06-03 22:11:16,389 (INFO) - django.server "GET /student_bill/ HTTP/1.1" 200 97683
2026-06-03 22:11:22,581 (INFO) - django.server "GET /fees/carry-forward/ HTTP/1.1" 200 102870
